Country Name,country_code,Indicator Name,1980,1981,1982,1983,1984,1985,1986,1987,1988,1989,1990,1991,1992,1993,1994,1995,1996,1997,1998,1999,2000,2001,2002,2003,2004,2005,2006,2007,2008,2009,2010,2011,2012,2013,2014,2015
Aruba,ABW,Real interest rate (%),-2.63,2.5,5.45,3.86,2.09,1.52,4.78,6.466464697,6.934939387,6.258843591,4.521314228,4.793837009,6.558682097,5.036706031,4.042074421,6.993632668,6.869454741,6.310568066,4.196823878,10.70626392,10.90409074,6.599455252,6.479181358,8.42512012,7.271181784,7.419914646,6.367173363,4.200284279,5.165102193,8.820588633,11.0518814,5.715113589,7.551327442,5.047421548,5.192489028,6.531343062
Africa Eastern and Southern,AFE,Real interest rate (%),-2.63,2.5,5.45,3.86,2.09,1.52,4.78,0.91,11.57,0.37,2.17,1.58,3.17,3.3,2.66,2.86,9.53,9.51,10.95,8.39,6.61,9.23,9.09,7.83,5.04,4.91,4.39,5.15,2.4,10.74,4.63,3.31,5.97,6.98,7.38,8.86
Afghanistan,AFG,Real interest rate (%),-2.63,2.5,5.45,3.86,2.09,1.52,4.78,0.91,11.57,0.37,2.17,1.58,3.17,3.3,2.66,2.86,9.53,9.51,10.95,8.39,6.61,9.23,9.09,7.83,5.04,4.91,10.04689711,-3.58511111,12.55796015,17.54292893,11.36409374,-1.241506002,7.174387244,9.784495938,14.35168934,12.25254816
Africa Western and Central,AFW,Real interest rate (%),-2.63,2.5,5.45,3.86,2.09,1.52,4.78,0.91,11.57,0.37,2.17,1.58,3.17,3.3,2.66,2.86,9.53,9.51,10.95,8.39,6.61,9.23,9.09,7.83,5.04,4.91,4.39,5.15,2.4,10.74,4.63,3.31,5.97,6.98,7.38,8.86
Angola,AGO,Real interest rate (%),-2.63,2.5,5.45,3.86,2.09,1.52,4.78,0.91,11.57,0.37,2.17,1.58,3.17,3.3,2.66,-84.09500018,-93.51345888,-29.52270655,4.047558877,-72.57850016,-60.78132704,-5.032933217,-33.55340241,1.128335509,36.64112902,17.79980358,2.042994969,12.83733436,-5.726999567,38.97594669,-7.34887141,-9.876417733,8.76478682,12.61073106,12.38059919,21.14418284
Albania,ALB,Real interest rate (%),-2.63,2.5,5.45,3.86,2.09,1.52,3.501953157,1.000309155,1.000584369,0.996284184,1.437570042,-25.46909106,-63.78712048,-42.57351395,-8.963182193,8.801745014,-10.28697484,19.2994943,10.95,19.1102893,15.5754116,15.2617074,11.24647778,8.623874258,8.34605448,9.455505476,10.20876158,9.304741443,8.550524872,10.00074742,7.971036594,9.888462236,9.736112074,9.510397491,6.324557536,7.272492418
Andorra,AND,Real interest rate (%),-2.63,2.5,5.45,3.86,2.09,1.52,4.78,0.91,11.57,0.37,2.17,1.58,3.17,3.3,2.66,2.86,9.53,9.51,10.95,8.39,6.61,9.23,9.09,7.83,5.04,4.91,4.39,5.15,2.4,10.74,4.63,3.31,5.97,6.98,7.38,8.86
Arab World,ARB,Real interest rate (%),-2.63,2.5,5.45,3.86,2.09,1.52,4.78,0.91,11.57,0.37,2.17,1.58,3.17,3.3,2.66,2.86,9.53,9.51,10.95,8.39,6.61,9.23,9.09,7.83,5.04,4.91,4.39,5.15,2.4,10.74,4.63,3.31,5.97,6.98,7.38,8.86
United Arab Emirates,ARE,Real interest rate (%),-2.63,2.5,5.45,3.86,2.09,1.52,4.78,0.91,11.57,0.37,2.17,1.58,3.17,3.3,2.66,2.86,9.53,9.51,10.95,8.39,6.61,9.23,9.09,7.83,5.04,4.91,4.39,5.15,2.4,10.74,4.63,3.31,5.97,6.98,7.38,8.86
Argentina,ARG,Real interest rate (%),-2.63,2.5,5.45,3.86,2.09,1.52,4.78,0.91,11.57,0.37,2.17,1.58,3.17,3.3,2.66,2.86,9.53,9.51,10.95,8.39,6.61,9.23,9.09,7.83,5.04,4.91,4.39,5.15,2.4,10.74,-8.56602872,-7.773405236,-6.748195554,-5.485839182,-11.60069877,-1.314708785
Armenia,ARM,Real interest rate (%),-2.63,2.5,5.45,3.86,2.09,1.52,4.78,0.91,11.57,0.37,2.17,1.58,3.17,3.3,2.66,-24.91305774,39.10516828,30.9943494,34.13461159,38.77366744,33.39846306,21.78215208,18.34706928,15.51698759,11.624816,14.31614594,11.38149246,12.69474446,10.43491465,15.87088144,10.60763579,12.91975789,11.28119329,12.21684304,13.78124866,16.18000967
American Samoa,ASM,Real interest rate (%),-2.63,2.5,5.45,3.86,2.09,1.52,4.78,0.91,11.57,0.37,2.17,1.58,3.17,3.3,2.66,2.86,9.53,9.51,10.95,8.39,6.61,9.23,9.09,7.83,5.04,4.91,4.39,5.15,2.4,10.74,4.63,3.31,5.97,6.98,7.38,8.86
Antigua and Barbuda,ATG,Real interest rate (%),-2.63,2.5,-0.316966134,6.130422893,7.353090163,3.396981354,3.49138708,1.619777168,-2.661367581,5.793892499,8.843559258,9.788471409,9.992749197,10.66916877,9.590986317,10.05092322,9.013653559,9.973061003,9.876812886,10.41105777,10.45584316,9.993627711,10.61163832,13.80627077,10.26681426,6.63621147,10.44035152,6.463065588,5.794591791,8.080009163,9.387676141,9.799531399,7.95945312,11.00304647,8.007274551,6.617884715
Australia,AUS,Real interest rate (%),-0.033646537,2.103472046,1.414503981,2.050263688,3.375272317,7.440465263,8.026029492,7.498073222,6.42243354,6.60191091,9.662192809,10.06731688,8.944828726,8.449874245,7.984505794,8.046597478,6.817369154,5.825704903,5.429741819,6.049594667,5.029976877,2.126389144,3.429428078,3.49984747,3.685497438,3.324808508,2.370627697,3.060896007,4.1043511,0.983437679,6.04335497,1.44126323,5.094718893,6.3414347,4.444099355,6.2299527
Austria,AUT,Real interest rate (%),-2.63,2.5,5.45,3.86,2.09,1.52,4.78,0.91,11.57,0.37,2.17,1.58,3.17,3.3,2.66,2.86,9.53,9.51,10.95,8.39,6.61,9.23,9.09,7.83,5.04,4.91,4.39,5.15,2.4,10.74,4.63,3.31,5.97,6.98,7.38,8.86
Azerbaijan,AZE,Real interest rate (%),-2.63,2.5,5.45,3.86,2.09,1.52,4.78,0.91,11.57,0.37,2.17,1.58,3.17,3.3,2.66,2.86,9.53,9.51,21.01798666,16.95460713,6.36757337,16.76907934,12.62440595,7.942301035,5.920291125,2.009036378,5.895815194,-1.56862415,-6.27259257,47.90105748,6.300701754,-2.885979521,15.02960684,17.68622051,19.39167796,28.94544176
Burundi,BDI,Real interest rate (%),-3.766860947,19.22924479,5.98831967,5.234921701,-4.450063398,6.596780826,16.98033754,15.96339107,8.221738112,-2.402625011,5.997142472,8.348477599,7.833429517,5.591120353,7.090833434,-0.727268465,9.53,9.51,3.543673658,0.245048218,-16.67919754,2.732903688,18.25203631,5.614402302,4.514521187,-0.3337127,13.83318731,7.915114947,-6.194835556,3.274559064,3.554157242,4.492489472,0.024113859,6.662044587,9.841407506,-4.949044593
Belgium,BEL,Real interest rate (%),-2.63,2.5,5.45,3.86,2.09,1.52,4.78,0.91,11.57,0.37,2.17,1.58,3.17,3.3,2.66,2.86,9.53,9.51,10.95,8.39,6.61,9.23,9.09,7.83,5.04,4.91,4.39,5.15,2.4,10.74,4.63,3.31,5.97,6.98,7.38,8.86
Benin,BEN,Real interest rate (%),-2.63,2.5,5.45,3.86,2.09,1.52,4.78,0.91,11.57,0.37,2.17,1.58,3.17,3.3,2.66,2.86,9.53,9.51,10.95,8.39,6.61,9.23,9.09,7.83,5.04,3.596098155,2.588145618,4.344562975,-1.362331084,2.377428574,4.195490191,1.468030817,-2.46960852,3.836592954,5.599991796,4.266334386
Burkina Faso,BFA,Real interest rate (%),-2.63,2.5,5.45,3.86,2.09,1.52,4.78,0.91,11.57,0.37,2.17,1.58,3.17,3.3,2.66,2.86,9.53,9.51,10.95,8.39,6.61,9.23,9.09,7.83,5.04,4.944070101,5.435521584,2.204376718,-3.82524863,2.511578975,1.285141169,-1.388528991,-0.741639727,7.5780202,5.995918151,7.545939073
Bangladesh,BGD,Real interest rate (%),-5.988132182,1.1279848,1.16377388,2.439473298,3.020813216,-6.211926915,4.374505694,3.353217679,6.837361623,6.006888297,7.803215576,11.71898735,11.05035713,13.74096927,9.125764687,5.455284559,-5.16455193,8.853321042,7.82564811,8.978643048,8.998203237,9.256955719,8.389699358,5.88445428,5.582355611,5.764269121,5.466993804,5.789111438,4.661742572,6.146538327,4.736123572,5.064197684,5.343332657,5.988693908,6.885866275,5.512644316
Bulgaria,BGR,Real interest rate (%),-2.63,2.5,5.45,3.86,2.09,1.52,4.78,0.91,11.57,0.37,2.17,1.58,9.068475394,17.0524852,17.26117482,-23.99027836,139.963569,-69.10631682,-14.83203928,9.852285589,3.690165321,4.705179305,5.160852872,6.217817019,3.115853177,1.93887822,2.000860545,-0.945548523,2.554031351,7.116714248,10.30140648,4.256292142,8.50745698,8.96499493,6.830324565,4.373211831
Bahrain,BHR,Real interest rate (%),-2.63,2.5,5.45,3.86,2.09,1.52,31.89907888,6.796161531,5.676506993,4.267214334,3.419726616,11.47487059,15.81804425,14.29430179,3.150137647,10.49670309,12.0998222,11.16094554,20.28486313,8.842683583,-14.14585643,14.54559467,4.827361494,-0.283027354,-2.781093221,-5.199029249,-0.796745563,-0.156120282,-2.821019814,24.06196772,-0.180215876,-2.684533731,2.93184586,5.529618512,7.667328425,15.88629145
"Bahamas, The",BHS,Real interest rate (%),0.751287394,-5.683085006,7.04469061,4.739740264,7.58791859,1.72652926,4.385243645,2.264504228,7.405764801,7.058839804,3.736699613,6.28283715,4.020735797,8.381727713,4.591386264,5.900219275,5.709560438,-34.97680561,-5.529743924,6.137344746,5.031693984,5.626102491,1.961544767,4.790218817,4.748641289,0.461484356,4.633698786,2.479595861,3.952701096,6.604411519,5.915500481,5.972609325,1.435800324,3.169863795,0.91297305,-0.276312359
Bosnia and Herzegovina,BIH,Real interest rate (%),-2.63,2.5,5.45,3.86,2.09,1.52,4.78,0.91,11.57,0.37,2.17,1.58,3.17,3.3,2.66,2.86,9.53,9.51,10.95,8.39,6.61,9.23,7.321325063,9.327539453,7.947864838,3.223953194,0.198552078,0.918034612,-0.332619207,7.732691902,6.392147312,4.88042107,6.481564841,7.276478174,5.58529964,4.363566365
Belarus,BLR,Real interest rate (%),-2.63,2.5,5.45,3.86,2.09,1.52,4.78,0.91,11.57,0.37,2.17,1.58,-89.29939147,-85.1883272,-87.85285742,-63.88725834,5.607158533,-23.215656,-28.0828261,-63.7610255,-41.22954902,-18.14018627,-5.52846907,-5.134717064,-4.700862736,-6.399671342,-1.721871615,-3.807565698,-10.44729539,2.211575835,-1.863419192,-33.59694663,-31.8270994,-1.751616071,0.538935444,1.776241389
Belize,BLZ,Real interest rate (%),-2.63,2.5,23.19034589,6.358700079,4.708178062,16.69811016,10.06628384,4.161403211,9.478786405,11.48634065,13.84486741,17.99408388,9.860686364,12.50849516,10.79098242,9.089286522,14.05777949,18.03657096,14.79725906,18.95524226,15.45549581,15.80893519,12.87993047,17.59741884,11.698534,11.06621417,9.036015311,9.405381044,11.15378699,17.28315575,12.20450188,8.924162568,10.4678152,8.969189702,9.216487132,9.654916096
Bermuda,BMU,Real interest rate (%),-2.63,2.5,5.45,3.86,2.09,1.52,4.78,0.91,11.57,0.37,2.17,1.58,3.17,3.3,2.66,2.86,9.53,9.51,10.95,8.39,6.61,9.23,9.09,7.83,5.04,4.91,4.39,5.15,2.4,10.74,4.63,3.31,5.97,6.98,7.38,8.86
Bolivia,BOL,Real interest rate (%),-2.63,2.5,5.45,3.86,2.09,1.52,4.78,31.09622268,18.2844557,21.28073642,21.97114135,19.93217377,28.54477499,44.40762835,44.11316088,35.5300892,39.77986988,41.95160079,30.22904704,32.18152793,27.94839243,17.85309891,17.32305673,10.65860891,6.022331455,10.07567108,-1.559333693,5.110628203,3.163719152,15.1460393,1.041040717,-3.217178249,3.767191577,4.77002898,7.491198717,13.30880295
Brazil,BRA,Real interest rate (%),-2.63,2.5,5.45,3.86,2.09,1.52,4.78,0.91,11.57,0.37,2.17,1.58,3.17,3.3,2.66,2.86,9.53,65.40884498,77.61683799,67.0609171,48.50472818,45.63781872,48.34043745,46.44739884,43.77915272,44.63516886,41.24032645,35.02251547,35.3667578,34.79200963,29.11580552,32.83345951,26.58209053,18.49884442,22.40367244,33.83234397
Barbados,BRB,Real interest rate (%),-2.63,-0.661277886,3.212898421,5.798910952,6.005478356,6.808886214,4.392506287,1.31568767,6.500892202,2.895511442,7.412015518,7.580613714,11.18194813,3.537513467,6.72488138,8.893479767,7.276866409,8.835422975,0.962936975,4.751744844,11.66464362,7.166315766,7.52383813,7.302639709,2.367223972,2.342734993,5.779413937,2.141576349,8.234309847,11.07564135,4.702297239,5.012485239,9.319664091,5.635794208,7.798894862,10.26999493
Brunei Darussalam,BRN,Real interest rate (%),-2.63,2.5,5.45,3.86,2.09,1.52,4.78,0.91,11.57,0.37,2.17,1.58,3.17,3.3,2.66,2.86,9.53,9.51,20.54134755,-5.460847144,-18.2270123,11.74888365,5.106680785,-0.569825438,-8.962385362,-11.17010213,-4.132499442,4.331025432,-6.382603351,35.4151176,-9.588180213,-12.21537999,4.229749245,8.562908315,7.484658302,28.05387732
Bhutan,BTN,Real interest rate (%),-2.63,2.5,7.188979135,7.317805758,4.390113493,7.972486848,7.290693819,13.74744422,0.03055558,8.893352914,8.280794394,5.5614505,7.415044793,7.820734827,3.776064497,7.125327808,7.295509304,2.739536582,4.791248096,9.258469599,8.057557546,9.961572273,10.21726058,11.76074972,10.89152994,8.118035159,8.139015731,10.72966446,7.907932153,8.585369231,7.616463931,5.059151928,4.414795204,7.714809555,6.644196796,10.94929141
Botswana,BWA,Real interest rate (%),-1.556654989,9.721909504,19.78189131,4.257201654,-2.968963509,-9.271153195,-2.683864921,-2.390604785,-12.11416662,-5.263682316,1.481638236,6.327978893,6.902446472,1.637970358,4.067885118,6.776493721,-1.388480661,8.530342212,3.349689746,0.473255913,1.145825257,6.866384387,14.844701,12.7261594,5.151956567,0.230180572,8.360417366,10.7573147,11.27885193,6.850390937,2.330454804,-2.595759146,10.78530479,7.702233118,1.113947748,3.981898689
Central African Republic,CAF,Real interest rate (%),-2.63,2.5,5.45,3.86,2.09,1.52,4.78,0.91,11.57,0.37,2.17,1.58,3.17,3.3,2.66,2.86,9.53,9.51,10.95,8.39,6.61,9.23,9.09,7.83,5.04,4.91,4.39,5.15,2.4,10.74,4.63,3.31,5.97,6.98,7.38,8.86
Canada,CAN,Real interest rate (%),-2.63,2.5,5.45,3.86,2.09,1.52,4.78,0.91,11.57,0.37,2.17,1.58,3.17,3.3,2.66,2.86,9.53,9.51,5.665420616,3.265859372,2.559425951,3.692988413,3.336705042,3.389065338,1.51850843,3.012414507,4.696743348,7.564107052,0.716869844,4.818745226,-0.238969292,-0.227403088,1.76667185,1.240990437,1.035269466,3.684015959
Central Europe and the Baltics,CEB,Real interest rate (%),-2.63,2.5,5.45,3.86,2.09,1.52,4.78,0.91,11.57,0.37,2.17,1.58,3.17,3.3,2.66,2.86,9.53,9.51,10.95,8.39,6.61,9.23,9.09,7.83,5.04,4.91,4.39,5.15,2.4,10.74,4.63,3.31,5.97,6.98,7.38,8.86
Switzerland,CHE,Real interest rate (%),-2.63,2.5,5.45,3.86,2.09,1.52,4.78,0.91,11.57,0.37,2.17,1.58,3.17,3.3,2.66,2.86,9.53,9.51,10.95,8.39,6.61,9.23,9.09,7.83,5.04,4.91,4.39,5.15,1.848585115,2.323401262,2.390806393,2.752100657,2.692199759,2.71310753,3.299836835,3.932377783
Channel Islands,CHI,Real interest rate (%),-2.63,2.5,5.45,3.86,2.09,1.52,4.78,0.91,11.57,0.37,2.17,1.58,3.17,3.3,2.66,2.86,9.53,9.51,10.95,8.39,6.61,9.23,9.09,7.83,5.04,4.91,4.39,5.15,2.4,10.74,4.63,3.31,5.97,6.98,7.38,8.86
Chile,CHL,Real interest rate (%),-2.63,2.5,5.45,3.86,2.09,-1.211433268,4.037911919,5.416926307,-0.414447087,19.56212916,21.5546992,5.91842611,9.259425194,10.860314,5.133201704,5.801214298,13.54001218,12.23407141,18.92961527,10.1131851,10.13845361,7.731599219,4.22276078,1.529870591,-2.524331471,-0.896491772,-3.711343834,3.164327288,13.32232974,2.480412409,-3.861397184,5.73860807,8.827338397,7.14401959,2.069478564,0.534893125
China,CHN,Real interest rate (%),1.2416394,2.62034423,7.350672131,5.97409667,2.149559564,-2.07731742,3.105961227,2.700243226,-2.772033113,2.52069312,3.451644667,1.804311854,0.41563512,-3.65137209,-7.989744154,-1.412648187,3.354970473,6.911698894,7.356478446,7.204050341,3.710664082,3.72666389,4.679724345,2.638146636,-1.282811705,1.613277503,2.110577726,-0.259570586,-2.305615343,5.531122909,-1.002401214,-1.402428747,3.585203529,3.755387055,4.522308432,4.353072252
Cote d'Ivoire,CIV,Real interest rate (%),-2.63,2.5,5.45,3.86,2.09,1.52,4.78,0.91,11.57,0.37,2.17,1.58,3.17,3.3,2.66,2.86,9.53,9.51,10.95,8.39,6.61,9.23,9.09,7.83,5.04,5.76399145,3.331830896,1.61328996,-0.368943717,3.724734136,3.543389897,-0.428915662,5.465350417,2.343357494,0.891700761,0.361232954
Cameroon,CMR,Real interest rate (%),-2.63,2.5,5.45,3.86,2.09,1.52,4.78,0.91,11.57,0.37,2.17,1.58,3.17,3.3,2.66,2.86,9.53,9.51,10.95,8.39,6.61,9.23,9.09,7.83,5.04,4.91,4.39,5.15,2.4,10.74,4.63,3.31,5.97,6.98,7.38,8.86
"Congo, Dem. Rep.",COD,Real interest rate (%),-2.63,2.5,5.45,3.86,2.09,1.52,4.78,0.91,11.57,0.37,2.17,1.58,3.17,3.3,2.66,2.86,9.53,9.51,10.95,8.39,6.61,9.23,9.09,7.83,5.04,4.91,29.21733254,22.22435169,18.83434227,24.69477027,29.58282582,26.33035023,21.24473863,16.14723359,17.52473816,20.76675035
"Congo, Rep.",COG,Real interest rate (%),-2.63,2.5,5.45,3.86,2.09,1.52,4.78,0.91,11.57,0.37,2.17,1.58,3.17,3.3,2.66,2.86,9.53,9.51,10.95,8.39,6.61,9.23,9.09,7.83,5.04,4.91,4.39,5.15,2.4,10.74,4.63,3.31,5.97,6.98,7.38,8.86
Colombia,COL,Real interest rate (%),-2.63,2.5,5.45,3.86,2.09,1.52,8.555625926,13.8660468,11.19027451,14.20065914,-5.098230825,15.28657276,11.45805937,8.358405003,14.54666917,19.54132454,20.95820732,14.43888089,23.37814846,14.9195709,-11.13795592,13.33248084,9.775204901,7.823797978,7.270509662,9.36261383,6.697295974,9.67644438,8.821016978,8.594547354,5.372224027,4.542964842,8.655350954,8.90797441,8.442949352,8.785473732
Comoros,COM,Real interest rate (%),-2.63,2.5,5.45,3.86,2.09,1.52,4.78,0.91,11.57,0.37,2.17,1.58,3.17,3.3,2.66,2.86,9.53,9.51,10.95,7.423877939,17.22841609,3.102288969,7.515882486,6.394622004,7.362180946,10.65047544,7.16630934,6.71696605,7.167913859,9.378003615,8.702667146,7.189031131,6.007112113,8.632163033,9.577778504,11.04652171
Cabo Verde,CPV,Real interest rate (%),-2.63,2.5,5.45,3.86,2.09,1.52,4.78,0.91,11.57,0.37,2.17,1.58,3.17,3.3,2.66,2.86,9.53,9.51,10.95,8.39,6.61,9.23,9.09,7.83,5.04,4.91,5.891057433,1.654809797,6.222437435,8.614687103,10.48187026,6.948424517,9.295956535,8.963650371,11.05675919,8.521598765
Costa Rica,CRI,Real interest rate (%),-2.63,2.5,-32.12862158,-4.40660921,1.118727632,0.308143301,3.175981005,12.41910814,8.287714677,12.07900235,11.81696709,-15.71773785,7.293129408,17.73455851,15.00413623,12.75093629,9.731995076,6.798727781,9.411567168,13.24650876,14.16902249,12.86156663,15.14732856,13.49781682,8.888553211,10.30188948,8.146284033,2.064435159,3.952220959,9.135716342,9.811593181,11.0452739,12.86966431,10.1329957,8.187917605,9.887063287
Caribbean small states,CSS,Real interest rate (%),-2.63,2.5,5.45,3.86,2.09,1.52,4.78,0.91,11.57,0.37,2.17,1.58,3.17,3.3,2.66,2.86,9.53,9.51,10.95,8.39,6.61,9.23,9.09,7.83,5.04,4.91,4.39,5.15,2.4,10.74,4.63,3.31,5.97,6.98,7.38,8.86
Cuba,CUB,Real interest rate (%),-2.63,2.5,5.45,3.86,2.09,1.52,4.78,0.91,11.57,0.37,2.17,1.58,3.17,3.3,2.66,2.86,9.53,9.51,10.95,8.39,6.61,9.23,9.09,7.83,5.04,4.91,4.39,5.15,2.4,10.74,4.63,3.31,5.97,6.98,7.38,8.86
Curacao,CUW,Real interest rate (%),-2.63,2.5,5.45,3.86,2.09,1.52,4.78,0.91,11.57,0.37,2.17,1.58,3.17,3.3,2.66,2.86,9.53,9.51,10.95,8.39,6.61,9.23,9.09,7.83,5.04,4.91,4.39,5.15,2.4,10.74,4.63,3.31,5.97,6.98,7.38,8.86
Cayman Islands,CYM,Real interest rate (%),-2.63,2.5,5.45,3.86,2.09,1.52,4.78,0.91,11.57,0.37,2.17,1.58,3.17,3.3,2.66,2.86,9.53,9.51,10.95,8.39,6.61,9.23,9.09,7.83,5.04,4.91,4.39,5.15,2.4,10.74,4.63,3.31,5.97,6.98,7.38,8.86
Cyprus,CYP,Real interest rate (%),-2.63,2.5,5.45,3.86,2.09,1.52,4.78,0.91,11.57,0.37,2.17,1.58,3.17,3.3,2.66,2.86,9.53,9.51,10.95,8.39,6.61,9.23,9.09,7.83,5.04,4.91,4.39,5.15,2.4,10.74,4.63,3.31,5.97,6.98,7.38,8.86
Czech Republic,CZE,Real interest rate (%),-2.63,2.5,5.45,3.86,2.09,1.52,4.78,0.91,11.57,0.37,2.17,1.58,3.17,-5.733442027,0.691074504,3.655582504,2.401228774,4.517211187,2.731316454,5.475807484,5.223885319,2.199587603,3.893738237,4.597017352,1.90146356,5.676333044,4.907460739,2.171131434,4.158557505,3.316317307,7.4188898,5.739586037,3.899227454,3.556650498,2.014426432,3.257929511
Germany,DEU,Real interest rate (%),-2.63,2.5,5.45,3.86,2.09,1.52,4.78,0.91,11.57,0.37,2.17,1.58,3.17,3.3,2.66,2.86,9.53,9.51,10.95,8.39,6.61,9.23,9.09,7.83,5.04,4.91,4.39,5.15,2.4,10.74,4.63,3.31,5.97,6.98,7.38,8.86
Djibouti,DJI,Real interest rate (%),-2.63,2.5,5.45,3.86,2.09,1.52,4.78,0.91,11.57,0.37,2.17,1.58,3.17,3.3,2.66,2.86,9.53,9.51,10.95,8.39,6.61,9.23,9.09,7.83,5.04,4.91,4.39,5.15,2.4,10.74,4.63,3.31,5.97,6.98,7.38,8.86
Dominica,DMA,Real interest rate (%),-2.63,2.5,5.223726016,2.785645008,4.741481059,2.623264401,5.061915281,5.2634221,6.467176054,2.628577491,7.798427958,3.312168295,6.836389293,9.002863365,3.689132053,10.6334505,7.907217889,9.589633935,8.51612785,8.640135632,13.70790618,8.870512021,10.10243838,15.09069799,4.961301541,11.53343415,6.97032746,7.528155801,7.44339375,1.866025143,9.13092815,7.036470594,11.22470262,5.317814014,8.989581595,1.729585932
Denmark,DNK,Real interest rate (%),-2.63,2.5,5.45,3.86,2.09,1.52,4.78,0.91,11.57,0.37,2.17,1.58,3.17,3.3,2.66,2.86,9.53,9.51,10.95,8.39,6.61,9.23,9.09,7.83,5.04,4.91,4.39,5.15,2.4,10.74,4.63,3.31,5.97,6.98,7.38,8.86
Dominican Republic,DOM,Real interest rate (%),-2.63,2.5,5.45,3.86,2.09,1.52,4.78,0.91,11.57,0.37,2.17,-33.35679961,21.57059656,23.72389426,16.83749661,19.1788932,19.35418227,10.55750858,17.96897087,20.42761914,18.27424,17.18452238,17.89582066,-1.550914208,-8.632955797,17.32624119,12.03451371,7.608970501,8.654014357,14.14294579,6.347720679,6.930587162,9.880588134,8.499705584,9.184329642,12.10554541
Algeria,DZA,Real interest rate (%),-2.63,2.5,5.45,3.86,2.09,1.52,4.78,0.91,11.57,0.37,2.17,1.58,3.17,3.3,2.66,-7.902165939,-4.04920736,8.136645383,15.1040086,-0.095922629,-10.334378,10.02084082,7.168253864,-0.18991253,-3.784161738,-6.997051366,-2.303736055,1.508207776,-6.339904754,21.56907236,-6.992750804,-8.651090429,0.504068361,8.100862838,8.325605576,15.45325878
East Asia & Pacific (excluding high income),EAP,Real interest rate (%),-2.63,2.5,5.45,3.86,2.09,1.52,4.78,0.91,11.57,0.37,2.17,1.58,3.17,3.3,2.66,2.86,9.53,9.51,10.95,8.39,6.61,9.23,9.09,7.83,5.04,4.91,4.39,5.15,2.4,10.74,4.63,3.31,5.97,6.98,7.38,8.86
Early-demographic dividend,EAR,Real interest rate (%),-2.63,2.5,5.45,3.86,2.09,1.52,4.78,0.91,11.57,0.37,2.17,1.58,3.17,3.3,2.66,2.86,9.53,9.51,10.95,8.39,6.61,9.23,9.09,7.83,5.04,4.91,4.39,5.15,2.4,10.74,4.63,3.31,5.97,6.98,7.38,8.86
East Asia & Pacific,EAS,Real interest rate (%),-2.63,2.5,5.45,3.86,2.09,1.52,4.78,0.91,11.57,0.37,2.17,1.58,3.17,3.3,2.66,2.86,9.53,9.51,10.95,8.39,6.61,9.23,9.09,7.83,5.04,4.91,4.39,5.15,2.4,10.74,4.63,3.31,5.97,6.98,7.38,8.86
Europe & Central Asia (excluding high income),ECA,Real interest rate (%),-2.63,2.5,5.45,3.86,2.09,1.52,4.78,0.91,11.57,0.37,2.17,1.58,3.17,3.3,2.66,2.86,9.53,9.51,10.95,8.39,6.61,9.23,9.09,7.83,5.04,4.91,4.39,5.15,2.4,10.74,4.63,3.31,5.97,6.98,7.38,8.86
Europe & Central Asia,ECS,Real interest rate (%),-2.63,2.5,5.45,3.86,2.09,1.52,4.78,0.91,11.57,0.37,2.17,1.58,3.17,3.3,2.66,2.86,9.53,9.51,10.95,8.39,6.61,9.23,9.09,7.83,5.04,4.91,4.39,5.15,2.4,10.74,4.63,3.31,5.97,6.98,7.38,8.86
Ecuador,ECU,Real interest rate (%),-2.63,2.5,5.45,3.86,2.09,1.52,4.78,0.91,11.57,0.37,2.17,1.58,3.17,3.3,2.66,2.86,9.53,9.51,10.95,8.39,6.61,9.23,9.09,7.83,5.04,4.91,4.39,5.15,2.4,10.74,4.63,3.31,5.97,6.98,7.38,8.86
"Egypt, Arab Rep.",EGY,Real interest rate (%),0.802685989,17.58479047,-7.801484773,2.030075188,6.238065866,3.068721728,1.88245858,3.435567132,3.158634199,-0.674911054,1.067535293,3.204638795,1.670924895,9.101241377,7.435419406,4.552157629,7.913220493,3.563452755,10.39189892,11.9358224,8.919600979,11.21451337,10.30003195,6.32702595,1.52690343,6.523640989,4.880796721,-0.077628594,0.107853152,0.710036321,0.818721619,-0.563878053,-6.262719504,3.292157154,0.414129138,1.541068462
Euro area,EMU,Real interest rate (%),-2.63,2.5,5.45,3.86,2.09,1.52,4.78,0.91,11.57,0.37,2.17,1.58,3.17,3.3,2.66,2.86,9.53,9.51,10.95,8.39,6.61,9.23,9.09,7.83,5.04,4.91,4.39,5.15,2.4,10.74,4.63,3.31,5.97,6.98,7.38,8.86
Eritrea,ERI,Real interest rate (%),-2.63,2.5,5.45,3.86,2.09,1.52,4.78,0.91,11.57,0.37,2.17,1.58,3.17,3.3,2.66,2.86,9.53,9.51,10.95,8.39,6.61,9.23,9.09,7.83,5.04,4.91,4.39,5.15,2.4,10.74,4.63,3.31,5.97,6.98,7.38,8.86
Spain,ESP,Real interest rate (%),-2.63,2.5,5.45,3.86,2.09,1.52,4.78,0.91,11.57,0.37,2.17,1.58,3.17,3.3,2.66,2.86,9.53,9.51,10.95,8.39,6.61,9.23,9.09,7.83,5.04,4.91,4.39,5.15,2.4,10.74,4.63,3.31,5.97,6.98,7.38,8.86
Estonia,EST,Real interest rate (%),-2.63,2.5,5.45,3.86,2.09,1.52,4.78,0.91,11.57,0.37,2.17,1.58,3.17,3.3,2.66,2.86,9.53,9.51,10.95,8.39,6.61,9.23,9.09,7.83,5.04,4.91,4.39,5.15,2.4,10.74,4.63,3.31,5.97,6.98,7.38,8.86
Ethiopia,ETH,Real interest rate (%),-2.63,2.5,5.45,3.86,2.09,-17.67065668,13.22028145,12.90948702,2.807315015,0.39330317,2.642189476,-10.98741913,-6.519588853,0.549614667,11.07755929,2.108988395,13.64489862,10.27211654,10.66616174,8.177187478,1.303568606,17.6354832,12.7439479,-5.114907985,2.972377102,-2.617063494,-4.08090893,-8.292553683,-17.12177624,10.74,4.63,3.31,5.97,6.98,7.38,8.86
European Union,EUU,Real interest rate (%),-2.63,2.5,5.45,3.86,2.09,1.52,4.78,0.91,11.57,0.37,2.17,1.58,3.17,3.3,2.66,2.86,9.53,9.51,10.95,8.39,6.61,9.23,9.09,7.83,5.04,4.91,4.39,5.15,2.4,10.74,4.63,3.31,5.97,6.98,7.38,8.86
Fragile and conflict affected situations,FCS,Real interest rate (%),-2.63,2.5,5.45,3.86,2.09,1.52,4.78,0.91,11.57,0.37,2.17,1.58,3.17,3.3,2.66,2.86,9.53,9.51,10.95,8.39,6.61,9.23,9.09,7.83,5.04,4.91,4.39,5.15,2.4,10.74,4.63,3.31,5.97,6.98,7.38,8.86
Finland,FIN,Real interest rate (%),-2.63,2.5,5.45,3.86,2.09,1.52,4.78,0.91,11.57,0.37,2.17,1.58,3.17,3.3,2.66,2.86,9.53,9.51,10.95,8.39,6.61,9.23,9.09,7.83,5.04,4.91,4.39,5.15,2.4,10.74,4.63,3.31,5.97,6.98,7.38,8.86
Fiji,FJI,Real interest rate (%),-2.63,2.5,5.45,3.86,2.09,1.52,4.78,0.91,11.57,0.37,2.17,1.58,5.778873431,4.337874671,10.52646548,9.994110554,8.039288676,7.49017957,2.036998538,1.905722559,13.76716679,4.938892905,4.634663663,-0.093110327,4.868426454,0.12637703,3.473075989,5.805544749,5.715797036,6.374077023,3.127572744,-1.759995185,3.329263792,2.396639496,-5.987741307,3.182163747
France,FRA,Real interest rate (%),-2.63,2.5,5.45,3.86,2.09,1.52,4.78,0.91,11.57,0.37,2.17,1.58,3.17,3.3,2.66,2.86,9.53,9.51,10.95,8.39,6.61,9.23,9.09,7.83,5.04,4.91,4.39,5.15,2.4,10.74,4.63,3.31,5.97,6.98,7.38,8.86
Faroe Islands,FRO,Real interest rate (%),-2.63,2.5,5.45,3.86,2.09,1.52,4.78,0.91,11.57,0.37,2.17,1.58,3.17,3.3,2.66,2.86,9.53,9.51,10.95,8.39,6.61,9.23,9.09,7.83,5.04,4.91,4.39,5.15,2.4,10.74,4.63,3.31,5.97,6.98,7.38,8.86
"Micronesia, Fed. Sts.",FSM,Real interest rate (%),-2.63,2.5,5.45,3.86,2.09,1.52,4.78,0.91,11.57,0.37,2.17,1.58,3.17,3.3,2.66,12.47189331,12.88941453,14.25596153,11.65997456,16.07572735,14.09897903,14.06519173,15.16653283,15.42027449,14.24024467,13.98474595,14.03593423,10.52113421,8.926581578,9.508567183,11.12614224,12.55405106,6.718942254,14.96771926,12.30404447,22.11128033
Gabon,GAB,Real interest rate (%),-2.63,2.5,5.45,3.86,2.09,1.52,4.78,0.91,11.57,0.37,2.17,1.58,3.17,3.3,2.66,2.86,9.53,9.51,10.95,8.39,6.61,9.23,9.09,7.83,5.04,4.91,4.39,5.15,2.4,10.74,4.63,3.31,5.97,6.98,7.38,8.86
United Kingdom,GBR,Real interest rate (%),-2.832918799,1.510933332,4.200561595,4.473298526,4.427354471,6.389135597,6.293170901,4.073338922,3.733550036,5.47171804,6.378848702,4.957660343,6.041855323,3.193314379,4.013230428,-4.456285514,1.627820175,6.936657524,5.546881647,3.949092672,4.202005332,3.21190445,1.897407128,0.93312767,1.764411262,1.466781119,1.740329541,2.638409052,1.401500293,-1.053275871,-0.864312585,-1.535587234,-1.094245581,-1.700724708,-1.073298706,8.86
Georgia,GEO,Real interest rate (%),-2.63,2.5,5.45,3.86,2.09,1.52,4.78,0.91,11.57,0.37,2.17,1.58,3.17,3.3,2.66,2.86,9.53,9.51,10.95,8.39,6.61,9.23,9.09,19.65777315,12.59343169,8.907306844,7.940375743,6.962913354,7.708841743,20.43890451,1.450085744,5.77747439,14.27774252,12.08595432,7.366030399,6.28853839
Ghana,GHA,Real interest rate (%),-2.63,2.5,5.45,3.86,2.09,1.52,4.78,0.91,11.57,0.37,2.17,1.58,3.17,3.3,2.66,2.86,9.53,9.51,10.95,8.39,6.61,9.23,9.09,7.83,5.04,4.91,4.39,5.15,2.4,10.74,4.63,3.31,5.97,6.98,7.38,8.86
Gibraltar,GIB,Real interest rate (%),-2.63,2.5,5.45,3.86,2.09,1.52,4.78,0.91,11.57,0.37,2.17,1.58,3.17,3.3,2.66,2.86,9.53,9.51,10.95,8.39,6.61,9.23,9.09,7.83,5.04,4.91,4.39,5.15,2.4,10.74,4.63,3.31,5.97,6.98,7.38,8.86
Guinea,GIN,Real interest rate (%),-2.63,2.5,5.45,3.86,2.09,1.52,4.78,-9.633813502,-5.469330127,-4.141396942,3.314727693,-1.048072245,0.617798329,23.66678603,20.28236584,14.67528579,19.15785737,18.79631043,15.71537969,15.01263906,12.29996312,10.93101569,9.09,7.83,5.04,4.91,4.39,5.15,2.4,10.74,4.63,3.31,5.97,6.98,7.38,8.86
"Gambia, The",GMB,Real interest rate (%),-2.63,2.5,5.45,3.86,2.09,-17.88548,-8.907682265,7.948365223,18.08058834,11.51499525,12.98220621,-45.94845708,24.32561222,19.91682355,20.45012127,20.27487219,15.80848626,33.46679226,18.93827331,27.09540134,21.31056585,21.80095962,12.32764712,14.56180197,-29.70805924,29.58576079,28.0808453,22.50814651,23.93164352,21.51562863,20.21468541,22.40355815,23.26043865,20.83094149,22.13467873,8.86
Guinea-Bissau,GNB,Real interest rate (%),-2.63,2.5,5.45,3.86,2.09,1.52,4.78,0.91,11.57,0.37,2.17,1.58,3.17,3.3,2.66,2.86,9.53,9.51,10.95,8.39,6.61,9.23,9.09,7.83,5.04,4.316174863,7.172377895,0.355080129,-6.660169927,7.623044421,2.086119507,-7.695813746,5.940223009,6.278171435,5.494736817,-6.197768724
Equatorial Guinea,GNQ,Real interest rate (%),-2.63,2.5,5.45,3.86,2.09,1.52,4.78,0.91,11.57,0.37,2.17,1.58,3.17,3.3,2.66,2.86,9.53,9.51,10.95,8.39,6.61,9.23,9.09,7.83,5.04,4.91,4.39,5.15,2.4,10.74,4.63,3.31,5.97,6.98,7.38,8.86
Greece,GRC,Real interest rate (%),-2.63,2.5,5.45,3.86,2.09,1.52,4.78,0.91,11.57,0.37,2.17,1.58,3.17,3.3,2.66,2.86,9.53,9.51,10.95,8.39,6.61,9.23,9.09,7.83,5.04,4.91,4.39,5.15,2.4,10.74,4.63,3.31,5.97,6.98,7.38,8.86
Grenada,GRD,Real interest rate (%),-2.63,2.5,7.835629178,10.78175131,5.358728825,4.27908845,8.783509417,7.847316909,5.211646071,3.054309712,12.30758512,5.279920895,7.702599485,9.765036458,7.594953394,7.784522041,7.128352362,9.285551858,9.823877838,10.383237,8.493010368,7.87371781,10.89653084,12.13463967,7.991377657,7.391312726,4.988611962,7.267924037,1.558916371,11.00404266,10.04710918,10.43798489,5.580266649,6.167080904,8.348111212,6.035651892
Greenland,GRL,Real interest rate (%),-2.63,2.5,5.45,3.86,2.09,1.52,4.78,0.91,11.57,0.37,2.17,1.58,3.17,3.3,2.66,2.86,9.53,9.51,10.95,8.39,6.61,9.23,9.09,7.83,5.04,4.91,4.39,5.15,2.4,10.74,4.63,3.31,5.97,6.98,7.38,8.86
Guatemala,GTM,Real interest rate (%),-2.63,2.5,5.45,3.86,2.09,1.52,4.78,0.91,11.57,0.37,2.17,1.58,3.17,3.3,2.66,2.86,9.53,9.588412693,6.448926428,13.77560364,13.15317506,26.02784521,9.763381368,10.05740833,7.344549242,6.969818057,7.411952972,5.341266302,3.641592342,9.892832099,7.803198652,6.113829832,9.778618455,9.906354068,10.60955538,10.75584871
Guam,GUM,Real interest rate (%),-2.63,2.5,5.45,3.86,2.09,1.52,4.78,0.91,11.57,0.37,2.17,1.58,3.17,3.3,2.66,2.86,9.53,9.51,10.95,8.39,6.61,9.23,9.09,7.83,5.04,4.91,4.39,5.15,2.4,10.74,4.63,3.31,5.97,6.98,7.38,8.86
Guyana,GUY,Real interest rate (%),-2.63,8.778220753,9.657107612,5.582384315,-3.589612088,0.42782349,2.410327063,-27.54117256,-6.936632349,-54.69841643,-15.14568615,-43.05818134,15.62141973,2.062071715,1.534184849,6.113205867,13.33847421,15.37895561,13.39943163,5.303299611,10.05349534,16.6319782,13.35647552,9.810426511,7.273623534,6.418515761,-58.3271743,5.914206812,4.43588136,13.52530553,9.784551554,11.91083174,8.831995367,14.11255172,15.25949331,9.542466497
High income,HIC,Real interest rate (%),-2.63,2.5,5.45,3.86,2.09,1.52,4.78,0.91,11.57,0.37,2.17,1.58,3.17,3.3,2.66,2.86,9.53,9.51,10.95,8.39,6.61,9.23,9.09,7.83,5.04,4.91,4.39,5.15,2.4,10.74,4.63,3.31,5.97,6.98,7.38,8.86
"Hong Kong SAR, China",HKG,Real interest rate (%),-2.63,2.5,5.45,3.86,2.09,1.52,4.78,0.91,11.57,0.37,2.263826528,0.253126007,-2.334835019,-1.945456446,0.991119571,4.567183759,2.490588474,2.96475218,8.571420266,13.13357967,13.11005481,8.773425601,8.805561373,11.71124553,8.932434854,6.367971776,8.496916529,4.290429256,3.980014926,5.395669355,4.716576788,1.060755825,1.405392832,3.13081176,2.090114345,1.30876813
Honduras,HND,Real interest rate (%),-2.63,2.5,8.130636192,11.65091414,12.52720682,14.39927492,13.69643576,13.0074711,5.676525791,3.516751221,-6.366507516,-3.491085581,17.37092159,10.05306851,2.749490935,2.615736404,9.770487562,13.05954277,18.48929367,20.98686506,17.43690983,14.50701917,16.70233414,14.22506592,12.61077139,10.76809208,11.47428245,9.359386039,9.412844122,10.95295752,13.55479289,9.971806992,14.35696298,18.45328242,12.88062187,12.83497683
Heavily indebted poor countries (HIPC),HPC,Real interest rate (%),-2.63,2.5,5.45,3.86,2.09,1.52,4.78,0.91,11.57,0.37,2.17,1.58,3.17,3.3,2.66,2.86,9.53,9.51,10.95,8.39,6.61,9.23,9.09,7.83,5.04,4.91,4.39,5.15,2.4,10.74,4.63,3.31,5.97,6.98,7.38,8.86
Croatia,HRV,Real interest rate (%),-2.63,2.5,5.45,3.86,2.09,1.52,4.78,0.91,11.57,0.37,2.17,1.58,3.17,3.3,2.66,2.86,17.92630314,8.02600977,6.980481376,11.05462029,7.411512538,5.106337263,8.670218067,6.97283592,7.825190782,7.825122907,5.820829479,4.859853943,4.326132654,8.341455183,9.360227927,7.854184105,7.942211603,8.408282021,8.418332955,8.86
Haiti,HTI,Real interest rate (%),-2.63,2.5,5.45,3.86,2.09,1.52,4.78,0.91,11.57,0.37,2.17,1.58,3.17,3.3,-29.48663993,-2.560832109,9.188009885,1.362148028,1.395075684,7.53269347,-39.12982237,4.063344806,9.609850934,7.118906415,0.704969909,8.621852568,15.58066512,12.76106461,7.352652758,5.658949754,9.393317859,6.987364203,0.671275932,0.597120821,7.194302416,8.631905246
Hungary,HUN,Real interest rate (%),-2.63,2.5,5.45,3.86,2.09,1.52,4.78,0.91,11.57,0.37,2.17,1.58,9.497899982,3.419028474,6.618854515,4.636167513,4.410757013,1.252174611,4.841250075,7.603942252,2.752712419,0.963655599,1.921858522,3.944694809,7.355021483,5.760215724,4.259832396,3.455557018,5.129869373,6.561260426,4.928359555,6.265399371,5.936586551,3.389525485,0.723328413,0.122534285
IBRD only,IBD,Real interest rate (%),-2.63,2.5,5.45,3.86,2.09,1.52,4.78,0.91,11.57,0.37,2.17,1.58,3.17,3.3,2.66,2.86,9.53,9.51,10.95,8.39,6.61,9.23,9.09,7.83,5.04,4.91,4.39,5.15,2.4,10.74,4.63,3.31,5.97,6.98,7.38,8.86
IDA & IBRD total,IBT,Real interest rate (%),-2.63,2.5,5.45,3.86,2.09,1.52,4.78,0.91,11.57,0.37,2.17,1.58,3.17,3.3,2.66,2.86,9.53,9.51,10.95,8.39,6.61,9.23,9.09,7.83,5.04,4.91,4.39,5.15,2.4,10.74,4.63,3.31,5.97,6.98,7.38,8.86
IDA total,IDA,Real interest rate (%),-2.63,2.5,5.45,3.86,2.09,1.52,4.78,0.91,11.57,0.37,2.17,1.58,3.17,3.3,2.66,2.86,9.53,9.51,10.95,8.39,6.61,9.23,9.09,7.83,5.04,4.91,4.39,5.15,2.4,10.74,4.63,3.31,5.97,6.98,7.38,8.86
IDA blend,IDB,Real interest rate (%),-2.63,2.5,5.45,3.86,2.09,1.52,4.78,0.91,11.57,0.37,2.17,1.58,3.17,3.3,2.66,2.86,9.53,9.51,10.95,8.39,6.61,9.23,9.09,7.83,5.04,4.91,4.39,5.15,2.4,10.74,4.63,3.31,5.97,6.98,7.38,8.86
Indonesia,IDN,Real interest rate (%),-2.63,2.5,5.45,3.86,2.09,1.52,18.82609796,4.881607487,13.442823,11.15598824,10.75316306,15.41486706,15.60691171,1.203573126,9.263077251,8.162954671,9.699419192,8.21356548,-24.60016808,11.82652643,-1.654212471,3.719985957,12.3224125,10.85207115,5.134410231,-0.245735467,1.658151422,2.339674091,-3.852245026,5.747952096,-1.746097536,4.594376749,7.750188565,6.374931242,6.792118581,8.349910635
IDA only,IDX,Real interest rate (%),-2.63,2.5,5.45,3.86,2.09,1.52,4.78,0.91,11.57,0.37,2.17,1.58,3.17,3.3,2.66,2.86,9.53,9.51,10.95,8.39,6.61,9.23,9.09,7.83,5.04,4.91,4.39,5.15,2.4,10.74,4.63,3.31,5.97,6.98,7.38,8.86
Isle of Man,IMN,Real interest rate (%),-2.63,2.5,5.45,3.86,2.09,1.52,4.78,0.91,11.57,0.37,2.17,1.58,3.17,3.3,2.66,2.86,9.53,9.51,10.95,8.39,6.61,9.23,9.09,7.83,5.04,4.91,4.39,5.15,2.4,10.74,4.63,3.31,5.97,6.98,7.38,8.86
India,IND,Real interest rate (%),4.476508258,5.11823674,7.774707248,7.320986681,7.947099923,8.681673583,9.093224146,6.560180095,7.638633,7.435843244,5.269527001,3.624716594,9.132749407,5.814776514,4.337109732,5.864178113,7.792994302,6.909578992,5.12127633,9.191247325,8.34261083,8.591449296,7.90717719,7.30788116,4.910128304,4.855145172,2.570606702,5.681844063,3.77175625,4.808592108,-1.983859222,1.317979708,2.473521656,3.865992863,6.69517609,7.556488414
Not classified,INX,Real interest rate (%),-2.63,2.5,5.45,3.86,2.09,1.52,4.78,0.91,11.57,0.37,2.17,1.58,3.17,3.3,2.66,2.86,9.53,9.51,10.95,8.39,6.61,9.23,9.09,7.83,5.04,4.91,4.39,5.15,2.4,10.74,4.63,3.31,5.97,6.98,7.38,8.86
Ireland,IRL,Real interest rate (%),-2.63,2.5,5.45,3.86,2.09,1.52,4.78,0.91,11.57,0.37,2.17,1.58,3.17,3.3,2.66,2.86,9.53,9.51,10.95,8.39,6.61,9.23,9.09,7.83,5.04,4.91,4.39,5.15,2.4,10.74,4.63,3.31,5.97,6.98,7.38,8.86
"Iran, Islamic Rep.",IRN,Real interest rate (%),-2.63,2.5,5.45,3.86,2.09,1.52,4.78,0.91,11.57,0.37,2.17,1.58,3.17,3.3,2.66,2.86,9.53,9.51,10.95,8.39,6.61,9.23,9.09,7.83,-6.419290827,-3.467024746,-0.508448114,-8.897954183,-6.214920245,7.07608798,-3.350481524,-10.2979384,-10.49549893,-18.1219389,2.852707121,13.72186322
Iraq,IRQ,Real interest rate (%),-2.63,2.5,5.45,3.86,2.09,1.52,4.78,0.91,11.57,0.37,2.17,1.58,3.17,3.3,2.66,2.86,9.53,9.51,10.95,8.39,6.61,9.23,6.322292779,1.002486202,-3.447817827,-16.51813572,-7.046009194,3.793137664,-8.419722882,44.33097173,-1.922094573,-8.467921829,10.90655086,13.58817382,15.89852702,60.87670955
Iceland,ISL,Real interest rate (%),-2.63,2.5,5.45,3.86,2.09,1.52,4.78,0.91,11.57,0.37,2.17,1.58,3.17,3.3,2.66,2.86,9.71323657,9.865832058,7.705351676,9.469769491,12.28092481,8.505916523,8.967920185,11.40205425,9.098273308,11.36328502,8.555127009,14.33644941,7.143954326,7.385020293,3.655369094,4.463192565,4.72101403,5.901739895,3.457644457,1.466679258
Israel,ISR,Real interest rate (%),-2.63,2.5,5.45,3.86,2.09,1.52,4.78,0.91,11.57,0.37,2.17,1.58,3.17,3.3,2.66,2.86,9.53,9.51,10.95,8.39,6.61,9.23,9.09,7.83,5.04,4.91,4.39,5.15,2.4,10.74,4.63,3.31,5.97,2.635468822,3.294871617,0.935417461
Italy,ITA,Real interest rate (%),-2.63,2.5,5.45,3.86,2.09,1.52,4.78,0.91,11.57,8.291348365,5.4521761,6.585797062,11.64704481,10.34007128,8.15255756,7.920644404,7.952252544,7.743308891,6.094069227,4.736635744,5.138245886,4.128903875,3.158738554,2.600677732,2.762226465,3.23826981,3.424166712,3.762434675,4.332593826,3.027009099,3.579685793,2.944663726,3.619198647,3.951211997,3.917647828,3.167866234
Jamaica,JAM,Real interest rate (%),-2.24424896,7.148892159,7.499940703,0.007327129,-12.79070919,-2.811052272,0.377481935,13.19593008,11.72209101,11.43398394,4.302950753,-8.574057862,-9.51239671,-5.951801115,13.99636859,14.68989268,17.63412732,21.21680819,19.00286121,18.78944944,11.5395515,11.87314992,8.633558839,6.506314028,4.677446369,5.285866926,8.07942404,5.279057528,2.88781677,4.276962292,9.693284432,12.96180044,10.37456239,8.578676322,9.620304814,9.677121933
Jordan,JOR,Real interest rate (%),-2.63,2.5,5.45,3.86,2.09,1.52,4.78,0.91,11.57,0.37,2.17,1.58,3.17,3.3,2.66,2.86,9.53,10.96630886,6.235012705,12.75881169,12.25729913,10.07801999,9.17163594,6.99812319,5.009879792,5.489905916,-2.235537157,3.452125036,-11.79707235,5.898580861,0.875955637,2.646406244,3.9901971,2.700469426,5.360006858,6.172976266
Japan,JPN,Real interest rate (%),-2.63,2.5,5.45,3.86,2.09,1.52,4.78,0.91,11.57,0.37,2.17,1.58,3.17,4.270907493,1.951242873,4.050494997,3.117254681,1.934613154,2.348223426,3.444634362,3.449521334,3.087795385,3.301822933,3.48582884,2.924240609,2.90562806,2.548823046,2.606878389,2.846981386,2.306032611,3.545761915,3.174489687,2.180076528,1.664021933,-0.459381592,-0.94844123
Kazakhstan,KAZ,Real interest rate (%),-2.63,2.5,5.45,3.86,2.09,1.52,4.78,0.91,11.57,0.37,2.17,1.58,3.17,3.3,2.66,2.86,9.53,9.51,10.95,8.39,6.61,9.23,9.09,7.83,5.04,4.91,4.39,5.15,2.4,10.74,4.63,3.31,5.97,6.98,7.38,8.86
Kenya,KEN,Real interest rate (%),0.942589238,1.410506086,2.605412411,3.572394452,3.835120319,5.257537652,4.864495047,8.157389639,8.026232316,6.815211935,7.332797069,5.745512647,1.825329186,3.413472407,16.42810989,15.80164834,-5.776588542,16.87956849,21.09632603,17.45404878,15.32743345,17.81250097,17.35814064,9.770510928,5.045257596,7.609987548,-8.009866973,4.819090789,-0.984996971,-10.09600357,12.52695849,4.526185832,9.313511345,9.29394636,8.249078992,6.268805783
Kyrgyz Republic,KGZ,Real interest rate (%),-2.63,2.5,5.45,3.86,2.09,1.52,4.78,0.91,11.57,0.37,2.17,1.58,3.17,3.3,2.66,2.86,20.12149532,36.81333224,43.87352863,15.58210304,23.05040235,30.5208227,33.19094321,19.30883194,17.34746592,13.4139691,12.50607123,7.261727074,3.019118025,21.74040098,12.43804432,1.058988813,13.19759191,17.59058869,10.80871832,19.53336065
Cambodia,KHM,Real interest rate (%),-2.63,2.5,5.45,3.86,2.09,1.52,4.78,0.91,11.57,0.37,2.17,1.58,3.17,3.3,2.66,2.86,9.53,9.51,10.95,8.39,6.61,9.23,9.09,7.83,5.04,4.91,4.39,5.15,2.4,10.74,4.63,3.31,5.97,6.98,7.38,8.86
Kiribati,KIR,Real interest rate (%),-2.63,2.5,5.45,3.86,2.09,1.52,4.78,0.91,11.57,0.37,2.17,1.58,3.17,3.3,2.66,2.86,9.53,9.51,10.95,8.39,6.61,9.23,9.09,7.83,5.04,4.91,4.39,5.15,2.4,10.74,4.63,3.31,5.97,6.98,7.38,8.86
St. Kitts and Nevis,KNA,Real interest rate (%),0.717769745,-6.721451348,2.617702562,8.746617926,5.011927147,7.013256002,4.88139592,4.970902692,3.714168545,5.385347301,3.510706605,7.597846456,5.191597987,8.126660351,4.395984907,10.02909009,10.2131381,5.956906649,8.386958377,8.200496852,17.88365272,7.493374094,7.167938678,10.37383558,6.176204043,11.85115854,-4.263509617,2.777489187,5.844133533,4.820406871,6.207161423,3.597866711,8.61507752,9.260320889,6.417801331,9.638568789
"Korea, Rep.",KOR,Real interest rate (%),-2.63,2.5,5.45,3.86,2.09,1.52,4.78,0.91,11.57,0.37,2.17,1.58,3.17,3.3,2.66,2.86,6.679742736,7.570319386,10.34041448,10.7579741,7.447142697,4.087645473,3.626044041,2.693739372,2.692081299,4.505016532,6.224588621,4.034859563,4.222685184,1.969452026,2.700250556,4.418990751,4.092791268,3.588241715,3.326270741,0.337001849
Kuwait,KWT,Real interest rate (%),-2.63,2.5,5.45,3.86,2.09,1.52,4.78,0.91,11.57,0.37,2.17,1.58,3.17,16.5631803,14.31942795,3.355883388,-5.834464731,14.18069143,31.49230024,-8.068204393,-9.670492972,16.90807086,1.268606946,0.472936585,-5.149114942,-11.72097796,-6.539551299,4.054288247,-9.312048743,28.15807975,-5.113880201,-10.28946083,-2.303567908,4.328792853,11.82552112,40.859904
Latin America & Caribbean (excluding high income),LAC,Real interest rate (%),-2.63,2.5,5.45,3.86,2.09,1.52,4.78,0.91,11.57,0.37,2.17,1.58,3.17,3.3,2.66,2.86,9.53,9.51,10.95,8.39,6.61,9.23,9.09,7.83,5.04,4.91,4.39,5.15,2.4,10.74,4.63,3.31,5.97,6.98,7.38,8.86
Lao PDR,LAO,Real interest rate (%),-2.63,2.5,5.45,3.86,2.09,1.52,4.78,0.91,11.57,0.37,2.17,11.5322976,18.87483107,12.72449402,15.13399662,5.000306941,11.67268671,9.51,-29.932136,-42.09865184,5.77111515,15.88950026,21.64710396,15.02855589,16.76709694,16.7460943,17.32311831,19.60354616,13.90416092,28.54400474,12.28603495,3.31,5.97,6.98,7.38,8.86
Lebanon,LBN,Real interest rate (%),-2.63,2.5,5.45,3.86,2.09,1.52,4.78,0.91,11.57,-19.15344956,21.16039869,-6.531972115,-28.98590859,3.034490897,14.84184475,12.65987862,23.06925464,7.838176763,10.95,18.51498374,20.67041118,19.00416046,11.11435384,11.66594611,12.19354397,11.82784324,9.297376922,6.906533194,2.260586371,-0.649418008,7.713429522,4.431035601,-0.287455028,4.613390109,7.111285782,3.556069528
Liberia,LBR,Real interest rate (%),-2.63,2.5,5.45,3.86,2.09,1.52,4.78,0.91,11.57,0.37,2.17,1.58,3.17,3.3,2.66,2.86,9.53,9.51,10.95,8.39,6.61,21.26684537,21.90277511,1.337681025,1.058508912,16.46265368,5.834628025,2.703599751,-2.495875033,17.38281538,7.257866331,2.54895208,5.307354694,8.378989667,12.58084393,13.53546469
Libya,LBY,Real interest rate (%),-2.63,2.5,5.45,3.86,2.09,1.52,4.78,0.91,11.57,0.37,2.17,1.58,3.17,3.3,2.66,2.86,9.53,9.51,10.95,8.39,-5.566230603,-0.172521972,-15.91173292,-6.437945408,-13.47577355,-17.4564761,-2.857068378,-4.521853726,-12.99319769,41.92524865,-7.148731162,-10.35995129,-2.735044771,13.57295562,28.18811838,8.86
St. Lucia,LCA,Real interest rate (%),-2.63,5.913103335,23.11125538,11.04926236,-4.144224145,9.86814334,9.833815244,5.573190268,10.4969677,6.350404808,2.681317941,6.089792127,10.87546923,10.70222547,8.267746271,7.250363083,12.30265291,9.53408906,8.76067737,10.22054708,11.81528447,14.01282571,12.12586335,9.287497971,10.28978127,3.469106,5.332397301,6.304614312,7.36560346,10.23099536,5.946236724,9.394815702,7.364404698,1.827408044,5.207294001,4.230026886
Latin America & Caribbean,LCN,Real interest rate (%),-2.63,2.5,5.45,3.86,2.09,1.52,4.78,0.91,11.57,0.37,2.17,1.58,3.17,3.3,2.66,2.86,9.53,9.51,10.95,8.39,6.61,9.23,9.09,7.83,5.04,4.91,4.39,5.15,2.4,10.74,4.63,3.31,5.97,6.98,7.38,8.86
Least developed countries: UN classification,LDC,Real interest rate (%),-2.63,2.5,5.45,3.86,2.09,1.52,4.78,0.91,11.57,0.37,2.17,1.58,3.17,3.3,2.66,2.86,9.53,9.51,10.95,8.39,6.61,9.23,9.09,7.83,5.04,4.91,4.39,5.15,2.4,10.74,4.63,3.31,5.97,6.98,7.38,8.86
Low income,LIC,Real interest rate (%),-2.63,2.5,5.45,3.86,2.09,1.52,4.78,0.91,11.57,0.37,2.17,1.58,3.17,3.3,2.66,2.86,9.53,9.51,10.95,8.39,6.61,9.23,9.09,7.83,5.04,4.91,4.39,5.15,2.4,10.74,4.63,3.31,5.97,6.98,7.38,8.86
Liechtenstein,LIE,Real interest rate (%),-2.63,2.5,5.45,3.86,2.09,1.52,4.78,0.91,11.57,0.37,2.17,1.58,3.17,3.3,2.66,2.86,9.53,9.51,10.95,8.39,6.61,9.23,9.09,7.83,5.04,4.91,4.39,5.15,2.4,10.74,4.63,3.31,5.97,6.98,7.38,8.86
Sri Lanka,LKA,Real interest rate (%),-2.63,2.5,5.45,3.86,2.09,1.52,4.78,0.91,11.57,0.37,2.17,1.58,3.17,3.3,2.66,2.86,9.53,9.51,10.95,8.39,6.61,0.514847021,4.676585245,1.468679127,0.611364963,0.312845408,1.413562673,2.6732136,2.204690475,9.248011791,-10.2457951,5.374439944,2.214144016,5.851468925,4.786022237,6.267777191
Lower middle income,LMC,Real interest rate (%),-2.63,2.5,5.45,3.86,2.09,1.52,4.78,0.91,11.57,0.37,2.17,1.58,3.17,3.3,2.66,2.86,9.53,9.51,10.95,8.39,6.61,9.23,9.09,7.83,5.04,4.91,4.39,5.15,2.4,10.74,4.63,3.31,5.97,6.98,7.38,8.86
Low & middle income,LMY,Real interest rate (%),-2.63,2.5,5.45,3.86,2.09,1.52,4.78,0.91,11.57,0.37,2.17,1.58,3.17,3.3,2.66,2.86,9.53,9.51,10.95,8.39,6.61,9.23,9.09,7.83,5.04,4.91,4.39,5.15,2.4,10.74,4.63,3.31,5.97,6.98,7.38,8.86
Lesotho,LSO,Real interest rate (%),-21.53231187,2.15219964,22.96715836,3.459962544,8.769773034,0.807771146,-2.440022224,-0.546631972,-5.341751707,3.405381814,7.520733241,1.844037158,3.783612427,4.074970708,6.016113702,3.154220338,11.04345585,8.268648114,9.224945363,10.10923966,10.17067381,4.558152776,2.541936266,13.25297161,2.531567097,5.469852928,2.607097868,22.31235972,-0.459524903,10.40747905,5.581261703,0.912815248,7.768875781,-0.326350266,-3.240846146,0.333519997
Late-demographic dividend,LTE,Real interest rate (%),-2.63,2.5,5.45,3.86,2.09,1.52,4.78,0.91,11.57,0.37,2.17,1.58,3.17,3.3,2.66,2.86,9.53,9.51,10.95,8.39,6.61,9.23,9.09,7.83,5.04,4.91,4.39,5.15,2.4,10.74,4.63,3.31,5.97,6.98,7.38,8.86
Lithuania,LTU,Real interest rate (%),-2.63,2.5,5.45,3.86,2.09,1.52,4.78,0.91,11.57,0.37,2.17,1.58,3.17,3.3,2.66,2.86,9.53,9.51,10.95,8.39,6.61,9.23,9.09,7.83,5.04,4.91,4.39,5.15,2.4,10.74,4.63,3.31,5.97,6.98,7.38,8.86
Luxembourg,LUX,Real interest rate (%),-2.63,2.5,5.45,3.86,2.09,1.52,4.78,0.91,11.57,0.37,2.17,1.58,3.17,3.3,2.66,2.86,9.53,9.51,10.95,8.39,6.61,9.23,9.09,7.83,5.04,4.91,4.39,5.15,2.4,10.74,4.63,3.31,5.97,6.98,7.38,8.86
Latvia,LVA,Real interest rate (%),-2.63,2.5,5.45,3.86,2.09,1.52,4.78,0.91,11.57,0.37,2.17,1.58,3.17,3.3,2.66,2.86,9.53,9.51,10.95,8.39,6.61,9.23,9.09,7.83,5.04,4.91,4.39,5.15,2.4,10.74,4.63,3.31,5.97,6.98,7.38,8.86
"Macao SAR, China",MAC,Real interest rate (%),-2.63,2.5,5.45,3.86,2.09,1.52,0.837770926,-4.587906573,-0.728410852,-1.710777629,-0.474799911,-2.001758627,-6.526947724,-2.771999335,1.123579962,1.58802638,7.128724021,7.934639753,13.16960353,10.77648042,11.8430785,9.609660618,7.546065075,5.946571497,4.001077308,1.401629435,0.941662158,-0.876716129,-4.221314991,4.288085786,0.438451414,-2.084546763,-1.562694979,-2.304484114,-3.201060868,0.704150852
St. Martin (French part),MAF,Real interest rate (%),-2.63,2.5,5.45,3.86,2.09,1.52,4.78,0.91,11.57,0.37,2.17,1.58,3.17,3.3,2.66,2.86,9.53,9.51,10.95,8.39,6.61,9.23,9.09,7.83,5.04,4.91,4.39,5.15,2.4,10.74,4.63,3.31,5.97,6.98,7.38,8.86
Morocco,MAR,Real interest rate (%),-2.63,2.5,5.45,3.86,2.09,1.52,4.78,0.91,11.57,0.37,2.17,1.58,3.17,3.3,2.66,2.86,9.53,9.51,10.95,8.39,6.61,9.23,9.09,7.83,5.04,4.91,4.39,5.15,2.4,10.74,4.63,3.31,5.97,6.98,7.38,8.86
Monaco,MCO,Real interest rate (%),-2.63,2.5,5.45,3.86,2.09,1.52,4.78,0.91,11.57,0.37,2.17,1.58,3.17,3.3,2.66,2.86,9.53,9.51,10.95,8.39,6.61,9.23,9.09,7.83,5.04,4.91,4.39,5.15,2.4,10.74,4.63,3.31,5.97,6.98,7.38,8.86
Moldova,MDA,Real interest rate (%),-2.63,2.5,5.45,3.86,2.09,1.52,4.78,0.91,11.57,0.37,2.17,1.58,3.17,3.3,2.66,2.86,6.894449052,18.50801423,19.51665652,-3.038070878,5.063989504,14.81401255,12.46889604,3.850743784,11.99332884,9.069245847,4.152944191,2.516018796,10.81971634,17.98461812,-12.71140634,5.774284463,5.579684328,8.054277283,4.381965474,4.184643965
Madagascar,MDG,Real interest rate (%),-2.63,2.5,5.45,3.86,2.09,1.52,4.78,0.91,11.57,12.13869151,12.46330729,15.60234805,9.106190167,14.23774468,-7.708603894,-9.582880009,13.1421813,24.73047361,19.5744623,18.71538153,13.71748554,16.29313652,7.512090329,26.40392901,9.307729864,6.345836979,15.69472563,27.1897603,33.97056149,35.24764237,32.46410144,38.15134299,48.03324402,50.7601032,49.90850314,47.14666449
Maldives,MDV,Real interest rate (%),-2.63,2.5,5.45,3.86,2.09,1.52,4.78,0.91,11.57,0.37,2.17,1.58,3.17,3.3,2.66,2.86,6.050100496,6.616427941,12.26570747,6.2318959,7.341436423,-27.41665795,9.37566872,6.928657382,0.259670665,1.005356529,2.691512948,0.12489469,-0.715392507,-0.926644374,7.284516261,-2.164305223,3.4715843,4.426887087,6.476058958,2.938331263
Middle East & North Africa,MEA,Real interest rate (%),-2.63,2.5,5.45,3.86,2.09,1.52,4.78,0.91,11.57,0.37,2.17,1.58,3.17,3.3,2.66,2.86,9.53,9.51,10.95,8.39,6.61,9.23,9.09,7.83,5.04,4.91,4.39,5.15,2.4,10.74,4.63,3.31,5.97,6.98,7.38,8.86
Mexico,MEX,Real interest rate (%),-2.63,2.5,5.45,3.86,2.09,1.52,4.78,0.91,11.57,0.37,2.17,1.58,3.17,-13.17394589,9.640149781,15.1424992,7.776112148,2.859180973,9.467796798,6.580099445,5.19659251,6.368742912,2.566237995,2.867224184,-0.484780798,3.609083841,1.0551937,1.674815923,2.385980831,2.998948719,0.703697863,-0.880588209,0.590881552,2.699802797,-0.850301498,0.587426403
Marshall Islands,MHL,Real interest rate (%),-2.63,2.5,5.45,3.86,2.09,1.52,4.78,0.91,11.57,0.37,2.17,1.58,3.17,3.3,2.66,2.86,9.53,9.51,10.95,8.39,6.61,9.23,9.09,7.83,5.04,4.91,4.39,5.15,2.4,10.74,4.63,3.31,5.97,6.98,7.38,8.86
Middle income,MIC,Real interest rate (%),-2.63,2.5,5.45,3.86,2.09,1.52,4.78,0.91,11.57,0.37,2.17,1.58,3.17,3.3,2.66,2.86,9.53,9.51,10.95,8.39,6.61,9.23,9.09,7.83,5.04,4.91,4.39,5.15,2.4,10.74,4.63,3.31,5.97,6.98,7.38,8.86
North Macedonia,MKD,Real interest rate (%),-2.63,2.5,5.45,3.86,2.09,1.52,4.78,0.91,11.57,0.37,2.17,1.58,3.17,3.3,2.66,2.86,9.53,9.51,10.95,8.39,6.61,9.23,9.09,7.83,5.04,7.265168467,8.042405696,5.650167967,4.494107878,10.8427361,8.481425489,5.667228211,7.985221755,3.831266848,6.228067079,5.34575818
Mali,MLI,Real interest rate (%),-2.63,2.5,5.45,3.86,2.09,1.52,4.78,0.91,11.57,0.37,2.17,1.58,3.17,3.3,2.66,2.86,9.53,9.51,10.95,8.39,6.61,9.23,9.09,7.83,5.04,1.095290981,0.085806009,0.188054616,-2.136725008,0.326434553,0.717035021,-6.174714749,0.414662156,4.604815706,4.018706833,2.207017728
Malta,MLT,Real interest rate (%),-2.63,2.5,5.45,3.86,2.09,1.52,4.78,0.91,11.57,0.37,2.17,1.58,3.17,3.3,2.66,-1.48729566,6.609609557,6.970941279,6.783916198,6.880854589,18.38006745,2.376834373,3.224692975,3.905326774,3.144542175,3.502985653,3.420161938,3.866031641,2.57506817,2.401448764,1.390293346,3.581676748,2.502694297,2.374774467,7.38,8.86
Myanmar,MMR,Real interest rate (%),-2.63,2.5,5.45,3.86,2.09,1.52,4.78,0.91,11.57,0.37,2.17,1.58,3.17,3.3,-5.981112405,-0.280963041,-0.98132958,-6.787112016,-10.88612296,-6.627233312,6.97373881,3.573257124,-11.99402232,-7.969384995,6.989823975,5.75633487,-0.475723768,-1.362914856,2.682260874,11.18152129,14.05053599,10.51251043,8.986227982,11.7566109,11.25475484,7.035856968
Middle East & North Africa (excluding high income),MNA,Real interest rate (%),-2.63,2.5,5.45,3.86,2.09,1.52,4.78,0.91,11.57,0.37,2.17,1.58,3.17,3.3,2.66,2.86,9.53,9.51,10.95,8.39,6.61,9.23,9.09,7.83,5.04,4.91,4.39,5.15,2.4,10.74,4.63,3.31,5.97,6.98,7.38,8.86
Montenegro,MNE,Real interest rate (%),-2.63,2.5,5.45,3.86,2.09,1.52,4.78,0.91,11.57,0.37,2.17,1.58,3.17,3.3,2.66,2.86,9.53,9.51,10.95,8.39,6.61,9.23,9.09,7.83,5.04,7.743115165,0.951082152,-5.893611091,1.495141317,6.787809769,7.800658921,8.38313881,9.368898457,7.174729524,8.290364575,6.56797931
Mongolia,MNG,Real interest rate (%),-2.63,2.5,5.45,3.86,2.09,1.52,4.78,0.91,11.57,0.37,2.17,1.58,3.17,3.3,2.66,2.86,9.53,9.51,50.9791099,29.87558752,22.27952707,24.35655031,27.40158408,19.65780615,12.66747256,8.719842378,4.055995556,9.137236011,-0.712580734,19.48433853,-13.7301743,1.29445836,4.725331322,15.13409784,10.77405246,18.838079
Northern Mariana Islands,MNP,Real interest rate (%),-2.63,2.5,5.45,3.86,2.09,1.52,4.78,0.91,11.57,0.37,2.17,1.58,3.17,3.3,2.66,2.86,9.53,9.51,10.95,8.39,6.61,9.23,9.09,7.83,5.04,4.91,4.39,5.15,2.4,10.74,4.63,3.31,5.97,6.98,7.38,8.86
Mozambique,MOZ,Real interest rate (%),-2.63,2.5,5.45,3.86,2.09,1.52,4.78,0.91,11.57,0.37,2.17,1.58,3.17,3.3,2.66,2.86,9.53,17.4111993,17.36431507,9.397588999,6.763935326,6.009277961,15.14633366,19.49731754,14.60539709,11.4522262,9.907117917,11.13747395,12.37426564,14.45329142,7.651995254,15.41007854,12.90033323,11.98743004,13.42470047,6.767287783
Mauritania,MRT,Real interest rate (%),5.117486184,4.414200729,1.738679655,4.423258493,0.980405528,1.591977311,4.418923375,1.392216643,6.278804875,1.874372834,7.168106839,-22.21371538,9.543413358,5.066841576,6.367719544,17.00805782,19.7756894,8.853672924,5.950435649,22.16710786,18.08317785,15.75537537,13.38634391,15.80556499,9.070382745,7.416376436,8.685112483,13.41139244,8.686177856,19.93046421,-4.36736173,-0.465994035,16.46909059,11.97461481,32.76795082,22.8912964
Mauritius,MUS,Real interest rate (%),-11.70863593,1.193896783,4.142518215,6.129501947,5.384448147,5.20687014,5.842087418,1.071604916,3.67211273,4.572312981,6.706570629,8.461089678,11.17133141,6.74153132,11.60075679,14.61938362,12.90672307,13.12385499,12.1098109,14.124817,16.78843043,13.9996916,13.9152847,14.55817327,13.24768653,16.44432853,9.041725016,12.52521687,5.539934787,9.969420868,7.662271804,5.578830183,6.051931317,5.595201535,6.916949698,7.467457293
Malawi,MWI,Real interest rate (%),0.754721905,1.799104675,8.058069563,6.386387635,3.30573383,8.669871867,4.837239273,2.37837667,-6.744743421,0.400390989,9.343112023,8.408556017,7.701142712,1.034005684,3.826622085,-16.8639659,-4.602873197,6.136607321,15.15550944,9.945219847,17.3066457,24.31428075,-29.22136223,34.95417997,19.14440701,20.17504782,10.23841066,22.68551349,11.89045703,16.07989435,11.14611158,8.480538295,12.47173731,14.69812997,19.36231212,19.78896166
Malaysia,MYS,Real interest rate (%),3.045538127,10.71638514,9.590517575,5.537334858,7.077983515,14.38950648,22.95687765,2.503824189,5.481540543,4.244741986,4.795417725,5.56337121,7.564791778,5.812133912,4.643983009,4.917892769,6.041122478,6.90550976,3.350681619,8.514010655,-1.085738977,8.848512896,3.296312371,2.906032398,0.034478791,-2.673174104,2.409000977,1.456735347,-3.903381938,11.78239296,-2.113277326,-0.471868634,3.748419374,4.467530817,2.068518216,3.307037704
North America,NAC,Real interest rate (%),-2.63,2.5,5.45,3.86,2.09,1.52,4.78,0.91,11.57,0.37,2.17,1.58,3.17,3.3,2.66,2.86,9.53,9.51,10.95,8.39,6.61,9.23,9.09,7.83,5.04,4.91,4.39,5.15,2.4,10.74,4.63,3.31,5.97,6.98,7.38,8.86
Namibia,NAM,Real interest rate (%),-2.63,2.5,5.45,3.86,2.09,1.52,4.78,0.91,11.57,0.37,2.17,16.39488875,9.018394062,6.9397894,-2.827316484,11.08610642,3.45889198,12.19830926,11.49871896,10.95554851,3.591989766,2.992616599,3.485247986,13.26116179,9.161986184,4.746221087,1.621700839,3.292021005,2.501098534,3.901924605,5.778789664,4.734508011,-2.344442065,4.084375542,0.428951201,5.25645279
New Caledonia,NCL,Real interest rate (%),-2.63,2.5,5.45,3.86,2.09,1.52,4.78,0.91,11.57,0.37,2.17,1.58,3.17,3.3,2.66,2.86,9.53,9.51,10.95,8.39,6.61,9.23,9.09,7.83,5.04,4.91,4.39,5.15,2.4,10.74,4.63,3.31,5.97,6.98,7.38,8.86
Niger,NER,Real interest rate (%),-2.63,2.5,5.45,3.86,2.09,1.52,4.78,0.91,11.57,0.37,2.17,1.58,3.17,3.3,2.66,2.86,9.53,9.51,10.95,8.39,6.61,9.23,9.09,7.83,5.04,2.034613045,3.192699986,-2.134777361,-4.671742816,0.755772672,1.583270972,1.235252146,-0.255604359,5.677634439,5.767407213,2.840837677
Nigeria,NGA,Real interest rate (%),-3.547418212,-65.8571487,-4.586180209,-8.022386443,4.342492624,2.34323058,4.310292242,-4.769644808,-2.962676481,-6.612412439,17.46624444,0.990847349,-14.98716799,-7.052474658,-15.92023297,-31.4525655,-5.260784138,12.12661189,11.48466906,6.047248346,-1.140888642,12.1387025,3.023542275,9.935713387,-2.60484706,-1.593680481,-5.627968049,9.187171228,6.684908635,18.18000167,1.067736064,5.685579859,6.224808614,11.20162222,11.35621303,13.59615325
Nicaragua,NIC,Real interest rate (%),-2.63,2.5,5.45,3.86,2.09,1.52,4.78,0.91,628.3196663,-88.42983653,-97.69347712,-97.52007697,-6.352399138,-3.18962072,-50.15877011,2.544035706,6.702558498,6.761060222,3.219692695,7.642792252,8.821366263,10.5477281,14.57340719,9.700975336,4.071982855,2.033608263,3.437427884,3.070446885,-2.607532413,7.552268118,6.767105012,0.293302879,5.412250161,10.1918753,4.747307775,4.148887158
Netherlands,NLD,Real interest rate (%),-2.63,2.5,5.45,3.86,2.09,1.52,4.78,0.91,11.57,0.37,2.17,1.58,3.17,3.3,2.66,2.86,9.53,9.51,10.95,2.147404196,1.325944635,0.782402683,0.180968513,0.812095934,1.527566877,0.766842868,0.956074205,2.480558658,2.246040171,1.758750133,0.802043739,1.802856644,0.176340359,0.217232399,7.38,8.86
Norway,NOR,Real interest rate (%),-2.63,2.5,5.45,3.86,2.09,1.52,4.78,0.91,11.57,0.37,2.17,1.58,3.17,3.3,2.66,2.86,9.53,9.51,10.95,8.39,6.61,9.23,9.09,7.83,5.04,4.91,4.39,5.15,2.4,10.74,4.63,3.31,5.97,1.750086289,3.909700947,6.541619417
Nepal,NPL,Real interest rate (%),-2.63,2.5,5.45,3.86,2.09,1.52,4.78,0.91,11.57,0.37,2.17,1.58,3.17,3.3,2.66,2.86,9.53,9.51,10.95,8.39,6.61,9.23,9.09,7.83,5.04,4.91,4.39,5.15,2.4,10.74,4.63,3.31,5.97,6.98,7.38,8.86
Nauru,NRU,Real interest rate (%),-2.63,2.5,5.45,3.86,2.09,1.52,4.78,0.91,11.57,0.37,2.17,1.58,3.17,3.3,2.66,2.86,9.53,9.51,10.95,8.39,6.61,9.23,9.09,7.83,5.04,4.91,4.39,5.15,2.4,10.74,4.63,3.31,5.97,6.98,7.38,8.86
New Zealand,NZL,Real interest rate (%),-2.63,2.5,5.45,3.86,2.09,1.52,4.78,0.91,11.57,0.37,2.17,1.58,3.17,3.3,2.66,2.86,9.53,9.51,7.793469009,6.503623853,4.827070532,3.648835738,6.817109678,4.649149157,4.166619667,5.61648034,5.441568961,3.1071738,6.169441387,3.826027815,3.085692803,3.571432485,5.974248881,1.25315487,5.368747069,4.241004874
OECD members,OED,Real interest rate (%),-2.63,2.5,5.45,3.86,2.09,1.52,4.78,0.91,11.57,0.37,2.17,1.58,3.17,3.3,2.66,2.86,9.53,9.51,10.95,8.39,6.61,9.23,9.09,7.83,5.04,4.91,4.39,5.15,2.4,10.74,4.63,3.31,5.97,6.98,7.38,8.86
Oman,OMN,Real interest rate (%),-2.63,2.5,5.45,3.86,15.81237353,10.80331681,38.4944133,-1.688826099,7.926483097,9.852250304,-12.00501715,19.74477056,7.987241168,15.09277886,8.873425538,7.395702839,1.754863731,11.67648075,27.44845406,-0.4575769,-6.189609837,14.8318239,3.935771308,-1.770370832,-4.484766254,-12.39626523,-5.577276618,-0.826940335,-20.12900398,43.34256566,-18.86496965,-8.079733794,2.214694239,7.911581547,3.407896829,29.71419215
Other small states,OSS,Real interest rate (%),-2.63,2.5,5.45,3.86,2.09,1.52,4.78,0.91,11.57,0.37,2.17,1.58,3.17,3.3,2.66,2.86,9.53,9.51,10.95,8.39,6.61,9.23,9.09,7.83,5.04,4.91,4.39,5.15,2.4,10.74,4.63,3.31,5.97,6.98,7.38,8.86
Pakistan,PAK,Real interest rate (%),-2.63,2.5,5.45,3.86,2.09,1.52,4.78,0.91,11.57,0.37,2.17,1.58,3.17,3.3,2.66,2.86,9.53,9.51,10.95,8.39,6.61,9.23,9.09,7.83,-0.068118194,1.142345815,1.94234451,4.189272918,-0.236896632,-5.079301224,2.879795804,-4.367503613,7.125312698,4.692979943,4.020467658,5.806906383
Panama,PAN,Real interest rate (%),-2.63,2.5,5.45,3.86,2.09,1.52,4.78,0.91,11.57,0.37,2.17,1.58,3.17,3.3,2.66,2.86,12.0462449,9.233804584,10.08691832,9.468529235,11.87557772,9.84225276,8.764677066,8.696084724,6.726159394,6.797830781,6.582834341,3.785734018,0.351852259,1.085467085,4.601493233,1.581793055,1.458367764,1.799473067,2.627104493,3.919027843
Peru,PER,Real interest rate (%),-2.63,2.5,5.45,3.86,2.09,-39.27262311,-19.1314401,-28.95887076,-62.77055682,-45.6462856,-31.45967671,61.18594165,46.60393798,32.69033995,22.62187752,19.8771272,19.91616472,22.02446488,25.86627529,31.20635655,25.56984775,24.41195004,20.63384586,18.87154951,17.3087052,21.28436819,15.11949891,21.05116741,22.32387459,18.5944908,12.54947337,11.17808786,17.82002249,16.90330807,12.99478509,13.06382202
Philippines,PHL,Real interest rate (%),-0.205360307,3.194510284,8.722557009,4.367419453,-16.1900974,9.86720639,14.23028288,5.433439049,5.613499008,9.321476331,9.880982094,5.737752333,10.74992507,7.371178616,4.539880392,6.540052153,6.640220278,9.425890842,5.771212917,5.117438947,4.810493245,6.421884237,4.708199924,6.085285047,3.955247393,4.035489721,4.44011945,5.357597019,1.466578322,5.672578241,3.163508983,2.640950503,3.613268958,3.630934122,2.399600243,6.34358649
Palau,PLW,Real interest rate (%),-2.63,2.5,5.45,3.86,2.09,1.52,4.78,0.91,11.57,0.37,2.17,1.58,3.17,3.3,2.66,2.86,9.53,9.51,10.95,8.39,6.61,9.23,9.09,7.83,5.04,4.91,4.39,5.15,2.4,10.74,4.63,3.31,5.97,6.98,7.38,8.86
Papua New Guinea,PNG,Real interest rate (%),-2.63,2.5,5.45,-5.963786775,2.979267138,9.763348576,10.82952181,3.676954599,4.407347673,17.61143188,10.92868095,6.704507845,11.33227138,14.13611189,1.777954877,-2.33963429,11.28694944,1.865602659,2.759041661,7.046922706,3.925717979,8.692587939,1.423750151,7.4062393,15.55308044,-0.635761691,-31.1172423,6.792383876,-2.210867236,15.74155594,0.480973312,1.81485584,11.4555568,6.316495981,3.735335805,10.08781132
Poland,POL,Real interest rate (%),-2.63,2.5,5.45,3.86,2.09,1.52,4.78,0.91,11.57,0.37,2.17,1.58,3.17,3.3,2.66,2.86,9.53,9.51,10.95,8.39,6.61,9.23,9.09,7.83,5.04,4.91,4.39,5.15,2.4,10.74,4.63,3.31,5.97,6.98,7.38,8.86
Pre-demographic dividend,PRE,Real interest rate (%),-2.63,2.5,5.45,3.86,2.09,1.52,4.78,0.91,11.57,0.37,2.17,1.58,3.17,3.3,2.66,2.86,9.53,9.51,10.95,8.39,6.61,9.23,9.09,7.83,5.04,4.91,4.39,5.15,2.4,10.74,4.63,3.31,5.97,6.98,7.38,8.86
Puerto Rico,PRI,Real interest rate (%),-2.63,2.5,5.45,3.86,2.09,1.52,4.78,0.91,11.57,0.37,2.17,1.58,3.17,3.3,2.66,2.86,9.53,9.51,10.95,8.39,6.61,9.23,9.09,7.83,5.04,4.91,4.39,5.15,2.4,10.74,4.63,3.31,5.97,6.98,7.38,8.86
"Korea, Dem. People's Rep.",PRK,Real interest rate (%),-2.63,2.5,5.45,3.86,2.09,1.52,4.78,0.91,11.57,0.37,2.17,1.58,3.17,3.3,2.66,2.86,9.53,9.51,10.95,8.39,6.61,9.23,9.09,7.83,5.04,4.91,4.39,5.15,2.4,10.74,4.63,3.31,5.97,6.98,7.38,8.86
Portugal,PRT,Real interest rate (%),-2.63,2.5,5.45,3.86,2.09,1.52,4.78,0.91,11.57,0.37,2.17,1.58,3.17,3.3,2.66,2.86,9.53,9.51,10.95,8.39,6.61,9.23,9.09,7.83,5.04,4.91,4.39,5.15,2.4,10.74,4.63,3.31,5.97,6.98,7.38,8.86
Paraguay,PRY,Real interest rate (%),-2.63,2.5,5.45,3.86,2.09,1.52,4.78,0.91,11.57,0.37,2.17,1.58,3.17,3.3,25.24181269,25.34473234,22.81907784,27.75467857,16.32145238,21.89273802,14.20353864,16.42689975,22.65700468,37.0207819,24.08131359,19.13485083,23.8660041,14.45835025,15.68312465,27.98723539,24.3017624,11.70584739,11.79426984,14.31208516,17.81994433,17.84574245
West Bank and Gaza,PSE,Real interest rate (%),-2.63,2.5,5.45,3.86,2.09,1.52,4.78,0.91,11.57,0.37,2.17,1.58,3.17,3.3,2.66,2.86,9.53,9.51,10.95,8.39,6.61,9.23,9.09,7.83,12.75706267,7.274690462,2.214923387,3.061237667,-8.393294113,4.256106484,-6.062534962,1.296514079,3.986036855,1.681032604,2.639404194,10.89292287
Pacific island small states,PSS,Real interest rate (%),-2.63,2.5,5.45,3.86,2.09,1.52,4.78,0.91,11.57,0.37,2.17,1.58,3.17,3.3,2.66,2.86,9.53,9.51,10.95,8.39,6.61,9.23,9.09,7.83,5.04,4.91,4.39,5.15,2.4,10.74,4.63,3.31,5.97,6.98,7.38,8.86
Post-demographic dividend,PST,Real interest rate (%),-2.63,2.5,5.45,3.86,2.09,1.52,4.78,0.91,11.57,0.37,2.17,1.58,3.17,3.3,2.66,2.86,9.53,9.51,10.95,8.39,6.61,9.23,9.09,7.83,5.04,4.91,4.39,5.15,2.4,10.74,4.63,3.31,5.97,6.98,7.38,8.86
French Polynesia,PYF,Real interest rate (%),-2.63,2.5,5.45,3.86,2.09,1.52,4.78,0.91,11.57,0.37,2.17,1.58,3.17,3.3,2.66,2.86,9.53,9.51,10.95,8.39,6.61,9.23,9.09,7.83,5.04,4.91,4.39,5.15,2.4,10.74,4.63,3.31,5.97,6.98,7.38,8.86
Qatar,QAT,Real interest rate (%),-2.63,2.5,5.45,3.86,2.09,1.52,4.78,0.91,11.57,0.37,2.17,1.58,3.17,3.3,2.66,2.86,9.53,9.51,10.95,8.39,6.61,9.23,9.09,7.83,-6.119690215,-18.30131687,-1.090435531,-3.191431658,-13.06383636,41.25294814,0.273060307,-10.80839955,-0.892370942,4.312090758,6.543701477,39.48937305
Romania,ROM,Real interest rate (%),-2.63,2.5,5.45,3.86,2.09,1.52,4.78,0.91,11.57,0.37,2.17,1.58,3.17,-43.05071035,-20.34590377,4.712728259,7.729772833,-26.69067165,4.848395169,10.78045622,7.451565895,5.395682372,10.35798938,1.852768342,8.796296172,6.779794018,3.051434489,-2.130870771,-0.885438453,12.6704102,10.11589113,8.054492604,7.283812885,6.892969564,6.551153375,3.401423658
Russian Federation,RUS,Real interest rate (%),-2.63,2.5,5.45,3.86,2.09,1.52,4.78,0.91,11.57,0.37,2.17,1.58,3.17,3.3,2.66,2.86,9.53,14.7604588,19.61608056,-18.95155294,-9.633111441,1.226578507,0.032935385,-0.600170683,-7.328985861,-7.20668991,-4.078691839,-3.344926611,-4.904962089,13.07996529,-2.955083731,-12.85693529,0.176416619,3.937070193,3.397146835,7.894593574
Rwanda,RWA,Real interest rate (%),-2.63,2.5,5.45,3.86,2.09,1.52,4.78,0.91,11.57,0.37,2.17,1.58,3.17,3.3,2.66,2.86,6.612264665,0.945756225,13.19446682,4.764549819,12.78543866,16.80757047,22.62908165,-3.638191301,4.40148986,6.193280066,13.08273118,2.717157138,1.565343937,8.937568953,13.38935818,8.838966959,11.44081926,14.24346261,11.96066586,16.76524769
South Asia,SAS,Real interest rate (%),-2.63,2.5,5.45,3.86,2.09,1.52,4.78,0.91,11.57,0.37,2.17,1.58,3.17,3.3,2.66,2.86,9.53,9.51,10.95,8.39,6.61,9.23,9.09,7.83,5.04,4.91,4.39,5.15,2.4,10.74,4.63,3.31,5.97,6.98,7.38,8.86
Saudi Arabia,SAU,Real interest rate (%),-2.63,2.5,5.45,3.86,2.09,1.52,4.78,0.91,11.57,0.37,2.17,1.58,3.17,3.3,2.66,2.86,9.53,9.51,10.95,8.39,6.61,9.23,9.09,7.83,5.04,4.91,4.39,5.15,2.4,10.74,4.63,3.31,5.97,6.98,7.38,8.86
Sudan,SDN,Real interest rate (%),-2.63,2.5,5.45,3.86,2.09,1.52,4.78,0.91,11.57,0.37,2.17,1.58,3.17,3.3,2.66,2.86,9.53,9.51,10.95,8.39,6.61,9.23,9.09,7.83,5.04,4.91,4.39,5.15,2.4,10.74,4.63,3.31,5.97,6.98,7.38,8.86
Senegal,SEN,Real interest rate (%),-2.63,2.5,5.45,3.86,2.09,1.52,4.78,0.91,11.57,0.37,2.17,1.58,3.17,3.3,2.66,2.86,9.53,9.51,10.95,8.39,6.61,9.23,9.09,7.83,5.04,2.223327325,1.799257241,-1.723489985,-2.986951886,6.781073639,3.453508901,1.346505242,1.709097337,4.053292196,6.95969224,4.041150441
Singapore,SGP,Real interest rate (%),0.534883963,7.338554178,5.448374541,5.698778458,8.86152616,9.671217946,8.175299093,5.537930896,0.50611088,1.970336056,2.545643279,3.014395146,4.50220448,1.870453883,2.336551651,3.119130585,4.683226223,5.184891291,8.883774641,9.73165276,1.897357839,7.602682858,6.290296818,7.223096294,1.178498844,3.329063438,3.403974107,-0.553483124,6.861274214,2.34934131,4.230742021,4.28104961,4.886795201,5.856075732,5.634826207,2.221784267
Solomon Islands,SLB,Real interest rate (%),-2.63,-3.722204291,-1.731412105,4.148692091,1.026169065,3.044454415,9.521758467,5.126485721,0.966073979,14.3305372,-12.04891692,11.25862055,3.029594866,-1.050148312,-10.48093588,4.534317444,2.994390088,5.719560705,2.538737125,5.940508513,4.497284245,0.115911802,-1.170945593,3.539109407,4.308398674,-4.444012819,-0.630358058,-2.569220841,0.116931153,3.243935864,7.894749047,3.335845124,3.812333527,8.955680187,6.739546916,6.681238291
Sierra Leone,SLE,Real interest rate (%),18.09607994,5.79741086,-2.954919179,-1.832698546,-15.57393256,-30.72402277,-34.35013554,-51.6172492,-22.08815816,-19.70670541,-10.60518491,-31.69747312,-10.54272527,18.71761055,1.816131053,-3.566412809,1.961726596,21.13852795,0.047030663,8.225246384,22.23915831,-28.51641338,27.14597855,6.060030948,8.214689841,6.819322267,10.39007185,17.04521826,13.18828599,13.34632548,3.475834493,3.089112659,7.996104757,12.75176766,17.30335875,-0.113375367
El Salvador,SLV,Real interest rate (%),-2.63,2.5,5.45,3.86,2.09,1.52,4.78,0.91,11.57,0.37,2.17,1.58,3.17,3.3,2.66,2.86,9.53,9.51,10.95,8.39,6.61,9.23,9.09,7.83,5.04,4.91,4.39,5.15,2.4,10.74,4.63,3.31,5.97,6.98,7.38,8.86
San Marino,SMR,Real interest rate (%),-2.63,2.5,5.45,3.86,2.09,1.52,4.78,0.91,11.57,0.37,2.17,1.58,3.17,3.3,2.66,2.86,9.53,9.51,10.95,8.39,6.61,5.254468173,5.433544914,4.9151608,5.025559203,5.416779601,4.604612755,9.747137827,4.921164321,4.696190076,3.896411706,5.758507607,3.255870776,4.531418101,5.699071578,3.256499526
Somalia,SOM,Real interest rate (%),-46.49163711,-8.429496233,-12.08745642,-15.1549635,-34.758746,-8.185365929,-9.693546622,-8.031953548,-21.30189205,0.37,2.17,1.58,3.17,3.3,2.66,2.86,9.53,9.51,10.95,8.39,6.61,9.23,9.09,7.83,5.04,4.91,4.39,5.15,2.4,10.74,4.63,3.31,5.97,6.98,7.38,8.86
Serbia,SRB,Real interest rate (%),-2.63,2.5,5.45,3.86,2.09,1.52,4.78,0.91,11.57,0.37,2.17,1.58,3.17,3.3,2.66,2.86,9.53,-1.496566429,-6.638473529,-19.19446991,-1.266712382,-25.67959281,-13.58051313,-8.800701382,-4.318603967,-9.739032101,-6.443934286,-3.963634505,-2.798948339,-0.94273935,-0.917490261,3.31,5.97,6.98,7.38,8.86
Sub-Saharan Africa (excluding high income),SSA,Real interest rate (%),-2.63,2.5,5.45,3.86,2.09,1.52,4.78,0.91,11.57,0.37,2.17,1.58,3.17,3.3,2.66,2.86,9.53,9.51,10.95,8.39,6.61,9.23,9.09,7.83,5.04,4.91,4.39,5.15,2.4,10.74,4.63,3.31,5.97,6.98,7.38,8.86
South Sudan,SSD,Real interest rate (%),-2.63,2.5,5.45,3.86,2.09,1.52,4.78,0.91,11.57,0.37,2.17,1.58,3.17,3.3,2.66,2.86,9.53,9.51,10.95,8.39,6.61,9.23,9.09,7.83,5.04,4.91,4.39,5.15,2.4,10.74,4.63,3.31,-23.53581405,-16.81025034,61.8826039,-3.321404055
Sub-Saharan Africa,SSF,Real interest rate (%),-2.63,2.5,5.45,3.86,2.09,1.52,4.78,0.91,11.57,0.37,2.17,1.58,3.17,3.3,2.66,2.86,9.53,9.51,10.95,8.39,6.61,9.23,9.09,7.83,5.04,4.91,4.39,5.15,2.4,10.74,4.63,3.31,5.97,6.98,7.38,8.86
Small states,SST,Real interest rate (%),-2.63,2.5,5.45,3.86,2.09,1.52,4.78,0.91,11.57,0.37,2.17,1.58,3.17,3.3,2.66,2.86,9.53,9.51,10.95,8.39,6.61,9.23,9.09,7.83,5.04,4.91,4.39,5.15,2.4,10.74,4.63,3.31,5.97,6.98,7.38,8.86
Sao Tome and Principe,STP,Real interest rate (%),-2.63,2.5,5.45,3.86,2.09,1.52,4.78,0.91,11.57,0.37,2.17,1.58,3.17,3.3,2.66,2.86,9.53,9.51,10.95,8.39,6.61,9.23,22.05496297,12.02941329,13.32256318,10.65963574,14.35814749,20.3479931,4.666162838,21.88163468,14.57760687,17.78736203,11.05462937,13.73325419,13.84071,17.42726177
Suriname,SUR,Real interest rate (%),-2.63,2.5,5.45,3.86,2.09,1.52,4.78,0.91,11.57,0.37,-27.48906784,-3.060093386,-19.25435875,-57.52634537,-78.56533991,-62.75419569,21.48900749,31.19040916,8.415014928,-26.7846946,-19.74758257,-9.89407701,-11.10919196,-0.227758123,6.73863741,1.609997479,-16.82617235,6.898239635,-2.874922397,4.851803072,4.099001972,-1.829986334,0.908894422,11.55522213,10.53283896,7.402705034
Slovak Republic,SVK,Real interest rate (%),-2.63,2.5,5.45,3.86,2.09,1.52,4.78,0.91,11.57,0.37,2.17,1.58,3.17,3.3,2.66,2.86,9.53,9.51,10.95,8.39,6.61,9.23,9.09,7.83,5.04,4.91,4.39,5.15,2.4,10.74,4.63,3.31,5.97,6.98,7.38,8.86
Slovenia,SVN,Real interest rate (%),-2.63,2.5,5.45,3.86,2.09,1.52,4.78,0.91,11.57,0.37,2.17,1.58,3.17,3.3,2.66,2.86,9.53,9.51,10.95,8.39,6.61,9.23,9.09,7.83,5.04,4.91,4.39,5.15,2.4,10.74,4.63,3.31,5.97,6.98,7.38,8.86
Sweden,SWE,Real interest rate (%),-2.63,2.5,5.45,3.86,2.09,1.52,4.78,0.91,11.57,0.37,2.17,1.58,14.04208369,9.673719997,7.858574452,7.059541831,7.641335837,5.451321159,5.596542673,4.437294487,4.203435428,3.167803897,4.180166696,3.261802119,3.836701048,2.826218266,1.887449349,5.15,2.4,10.74,4.63,3.31,5.97,6.98,7.38,8.86
Eswatini,SWZ,Real interest rate (%),1.192558663,7.477180664,1.905990998,11.23107153,8.344995713,13.81072803,0.321220231,10.63681617,-8.848824014,11.27877682,-12.18308752,6.654776511,4.256369885,-2.593008256,2.955357885,0.347010857,10.20065033,7.32423589,11.2608265,11.43266667,-9.049525695,3.953806755,5.816532081,8.131186282,7.143820949,3.817847384,6.848736198,7.763103634,3.99160901,1.462218099,6.349809975,3.473535253,0.001495653,1.846377912,1.379663264,3.312899511
Sint Maarten (Dutch part),SXM,Real interest rate (%),-2.63,2.5,5.45,3.86,2.09,1.52,4.78,0.91,11.57,0.37,2.17,1.58,3.17,3.3,2.66,2.86,9.53,9.51,10.95,8.39,6.61,9.23,9.09,7.83,5.04,4.91,4.39,5.15,2.4,10.74,4.63,3.31,5.97,6.98,7.38,8.86
Seychelles,SYC,Real interest rate (%),-2.63,2.5,5.45,3.86,2.09,1.52,4.78,0.91,11.57,14.03886349,8.257096462,17.98647998,10.39722794,11.15378621,14.61507621,16.66938208,18.02442683,13.64915387,9.521030372,8.930405483,6.494547703,4.209419023,6.731160157,4.406968392,-11.77667838,9.267881487,8.485235704,-0.810525663,-17.15803003,-9.527437036,17.6593116,6.405684025,3.2510958,7.930086443,9.148743509,10.05830091
Syrian Arab Republic,SYR,Real interest rate (%),-2.63,2.5,5.45,3.86,2.09,1.52,4.78,0.91,11.57,0.37,2.17,1.58,3.17,3.3,2.66,2.86,9.53,9.51,10.95,8.39,6.61,9.23,9.09,7.83,5.04,4.91,4.39,5.15,2.4,10.74,4.63,3.31,5.97,6.98,7.38,8.86
Turks and Caicos Islands,TCA,Real interest rate (%),-2.63,2.5,5.45,3.86,2.09,1.52,4.78,0.91,11.57,0.37,2.17,1.58,3.17,3.3,2.66,2.86,9.53,9.51,10.95,8.39,6.61,9.23,9.09,7.83,5.04,4.91,4.39,5.15,2.4,10.74,4.63,3.31,5.97,6.98,7.38,8.86
Chad,TCD,Real interest rate (%),-2.63,2.5,5.45,3.86,2.09,1.52,4.78,0.91,11.57,0.37,2.17,1.58,3.17,3.3,2.66,2.86,9.53,9.51,10.95,8.39,6.61,9.23,9.09,7.83,5.04,4.91,4.39,5.15,2.4,10.74,4.63,3.31,5.97,6.98,7.38,8.86
East Asia & Pacific (IDA & IBRD countries),TEA,Real interest rate (%),-2.63,2.5,5.45,3.86,2.09,1.52,4.78,0.91,11.57,0.37,2.17,1.58,3.17,3.3,2.66,2.86,9.53,9.51,10.95,8.39,6.61,9.23,9.09,7.83,5.04,4.91,4.39,5.15,2.4,10.74,4.63,3.31,5.97,6.98,7.38,8.86
Europe & Central Asia (IDA & IBRD countries),TEC,Real interest rate (%),-2.63,2.5,5.45,3.86,2.09,1.52,4.78,0.91,11.57,0.37,2.17,1.58,3.17,3.3,2.66,2.86,9.53,9.51,10.95,8.39,6.61,9.23,9.09,7.83,5.04,4.91,4.39,5.15,2.4,10.74,4.63,3.31,5.97,6.98,7.38,8.86
Togo,TGO,Real interest rate (%),-2.63,2.5,5.45,3.86,2.09,1.52,4.78,0.91,11.57,0.37,2.17,1.58,3.17,3.3,2.66,2.86,9.53,9.51,10.95,8.39,6.61,9.23,9.09,7.83,5.04,2.719852734,5.272253182,-0.206770052,-6.076437536,3.339914935,4.450337629,4.134463655,3.273636314,3.509354364,5.427112618,1.61823241
Thailand,THA,Real interest rate (%),3.055257043,8.153283418,11.32754779,11.15221596,15.12481298,13.60981725,11.53121579,6.510928117,5.348397416,5.779725927,8.171716429,9.124942558,7.346329001,4.391006807,5.945261762,7.102087274,8.93166038,8.834094764,5.87889883,11.86179246,6.416871607,5.252581151,9.09,7.83,0.949922532,-0.354173197,1.112794602,3.486985687,0.654506895,4.572319805,0.243128639,1.276682032,3.216757125,3.224334982,3.457843171,3.981013973
Tajikistan,TJK,Real interest rate (%),-2.63,2.5,5.45,3.86,2.09,1.52,4.78,0.91,11.57,0.37,2.17,1.58,3.17,3.3,2.66,2.86,9.53,9.51,10.95,8.39,6.61,9.23,-3.878876297,-8.150462962,2.455078029,12.57419374,2.554517454,-3.362205465,-3.56503833,9.355201282,9.725941381,8.062972034,8.246125101,19.97544733,18.86532865,17.72972918
Turkmenistan,TKM,Real interest rate (%),-2.63,2.5,5.45,3.86,2.09,1.52,4.78,0.91,11.57,0.37,2.17,1.58,3.17,3.3,2.66,2.86,9.53,9.51,10.95,8.39,6.61,9.23,9.09,7.83,5.04,4.91,4.39,5.15,2.4,10.74,4.63,3.31,5.97,6.98,7.38,8.86
Latin America & the Caribbean (IDA & IBRD countries),TLA,Real interest rate (%),-2.63,2.5,5.45,3.86,2.09,1.52,4.78,0.91,11.57,0.37,2.17,1.58,3.17,3.3,2.66,2.86,9.53,9.51,10.95,8.39,6.61,9.23,9.09,7.83,5.04,4.91,4.39,5.15,2.4,10.74,4.63,3.31,5.97,6.98,7.38,8.86
Timor-Leste,TLS,Real interest rate (%),-2.63,2.5,5.45,3.86,2.09,1.52,4.78,0.91,11.57,0.37,2.17,1.58,3.17,3.3,2.66,2.86,9.53,9.51,10.95,8.39,6.61,9.23,9.09,7.83,5.04,4.91,4.39,5.15,2.4,10.74,4.63,-0.467230145,5.694542138,-3.658399106,13.73844082,5.869826378
Middle East & North Africa (IDA & IBRD countries),TMN,Real interest rate (%),-2.63,2.5,5.45,3.86,2.09,1.52,4.78,0.91,11.57,0.37,2.17,1.58,3.17,3.3,2.66,2.86,9.53,9.51,10.95,8.39,6.61,9.23,9.09,7.83,5.04,4.91,4.39,5.15,2.4,10.74,4.63,3.31,5.97,6.98,7.38,8.86
Tonga,TON,Real interest rate (%),-2.63,2.5,5.45,3.86,2.09,1.52,4.78,0.91,11.57,0.37,2.17,1.58,3.17,3.3,2.66,2.86,9.53,9.51,10.95,8.39,6.61,9.23,9.09,7.83,5.04,4.91,4.39,5.15,2.4,10.74,4.63,3.31,5.502576466,12.01026812,8.631562574,2.805260187
South Asia (IDA & IBRD),TSA,Real interest rate (%),-2.63,2.5,5.45,3.86,2.09,1.52,4.78,0.91,11.57,0.37,2.17,1.58,3.17,3.3,2.66,2.86,9.53,9.51,10.95,8.39,6.61,9.23,9.09,7.83,5.04,4.91,4.39,5.15,2.4,10.74,4.63,3.31,5.97,6.98,7.38,8.86
Sub-Saharan Africa (IDA & IBRD countries),TSS,Real interest rate (%),-2.63,2.5,5.45,3.86,2.09,1.52,4.78,0.91,11.57,0.37,2.17,1.58,3.17,3.3,2.66,2.86,9.53,9.51,10.95,8.39,6.61,9.23,9.09,7.83,5.04,4.91,4.39,5.15,2.4,10.74,4.63,3.31,5.97,6.98,7.38,8.86
Trinidad and Tobago,TTO,Real interest rate (%),-10.37750371,3.880052926,-0.590170571,5.063416057,6.357181309,11.30993046,13.41734148,6.339684357,8.089022701,5.717727551,-2.267652317,11.4180715,23.90090401,6.146590625,2.393764297,10.55721798,13.68894059,19.57039101,19.55281202,12.21293985,3.977794996,12.52283751,18.63956764,0.622840513,0.393330895,-3.721501934,9.032103071,-0.888544432,-9.172622798,54.67772821,-3.061060946,-6.705743095,7.338185567,3.620317407,5.728935462,22.07401687
Taiwan,TWN,Real interest rate (%),1.2416394,2.62034423,7.350672131,5.97409667,2.149559564,-2.07731742,3.105961227,2.700243226,-2.772033113,2.52069312,3.451644667,1.804311854,0.41563512,-3.65137209,-7.989744154,-1.412648187,3.354970473,6.911698894,7.356478446,7.204050341,3.710664082,3.72666389,4.679724345,2.638146636,-1.282811705,1.613277503,2.110577726,-0.259570586,-2.305615343,5.531122909,-1.002401214,-1.402428747,3.585203529,3.755387055,4.522308432,4.353072252
Tunisia,TUN,Real interest rate (%),-2.63,2.5,5.45,3.86,2.09,1.52,4.78,0.91,11.57,0.37,2.17,1.58,3.17,3.3,2.66,2.86,9.53,9.51,10.95,8.39,6.61,9.23,9.09,7.83,5.04,4.91,4.39,5.15,2.4,10.74,4.63,3.31,5.97,6.98,7.38,8.86
Turkey,TUR,Real interest rate (%),-2.63,2.5,5.45,3.86,2.09,1.52,4.78,0.91,11.57,0.37,2.17,1.58,3.17,3.3,2.66,2.86,9.53,9.51,10.95,8.39,6.61,9.23,9.09,7.83,5.04,4.91,4.39,5.15,2.4,10.74,4.63,3.31,5.97,6.98,7.38,8.86
Tuvalu,TUV,Real interest rate (%),-2.63,2.5,5.45,3.86,2.09,1.52,4.78,0.91,11.57,0.37,2.17,1.58,3.17,3.3,2.66,2.86,9.53,9.51,10.95,8.39,6.61,9.23,9.09,7.83,5.04,4.91,4.39,5.15,2.4,10.74,4.63,3.31,5.97,6.98,7.38,8.86
Tanzania,TZA,Real interest rate (%),-2.63,2.5,5.45,3.86,2.09,1.52,4.78,0.91,11.57,0.37,2.17,1.58,1.583554002,2.329131424,2.479062279,8.62600724,12.27968756,4.712578399,-26.49957712,10.12178781,12.36253164,14.54100202,8.547002752,5.624748515,6.787345317,8.327256062,9.612352709,6.389565193,-1.201762229,5.492230433,4.674687406,2.464304207,4.591413721,5.648641681,9.655733868,7.912936186
Uganda,UGA,Real interest rate (%),-2.63,2.5,5.45,-20.40352836,-2.682174749,-43.7223014,-43.80780446,-52.07387467,-53.44428082,-35.01874021,-3.957209765,6.663524971,-4.106292765,3.3,13.02191888,9.861413109,15.03424725,17.72687057,11.10068608,21.68683165,10.62161427,17.33449568,22.99559284,10.32903873,4.339243937,21.76555229,15.90900435,10.98062354,13.2429703,-34.74344296,13.76121465,11.37349893,21.48807915,19.01463002,15.67738412,16.55466461
Ukraine,UKR,Real interest rate (%),-2.63,2.5,5.45,3.86,2.09,1.52,4.78,0.91,11.57,0.37,2.17,1.58,-90.59538957,-91.72148163,-66.73459834,-56.82517766,8.268450495,26.29107592,37.92865243,21.62683606,11.00145696,20.03346247,19.09263919,8.996081272,1.812917671,-6.383677317,0.275719908,-7.280207364,-8.934742044,7.310138994,1.931117374,1.546056079,9.64012656,11.83064836,1.567106915,-12.28292898
Upper middle income,UMC,Real interest rate (%),-2.63,2.5,5.45,3.86,2.09,1.52,4.78,0.91,11.57,0.37,2.17,1.58,3.17,3.3,2.66,2.86,9.53,9.51,10.95,8.39,6.61,9.23,9.09,7.83,5.04,4.91,4.39,5.15,2.4,10.74,4.63,3.31,5.97,6.98,7.38,8.86
Uruguay,URY,Real interest rate (%),6.334440303,24.49742603,32.64777593,24.08629463,15.55591527,10.14536635,12.19787129,11.61396,13.60275329,27.01993521,30.09299455,23.58921171,34.15403885,31.44041481,38.2846468,38.99454008,49.25016117,32.83704373,38.93620634,45.34922516,42.49692396,43.20642138,93.91507815,36.38129894,12.32827868,12.84458558,2.550076114,-0.436648325,4.095474229,6.995333861,5.165714026,0.708327221,2.433400915,3.957639879,5.633873333,6.260350043
United States,USA,Real interest rate (%),5.716390479,8.594619788,8.177347438,6.618160227,8.141088119,6.56332656,6.193860271,5.592237901,5.590382193,6.690686935,6.0397492,4.915346482,3.884238038,3.54561723,4.898309954,6.593996383,6.324073709,6.536614988,7.148191912,6.457134802,6.844844188,4.626756864,3.045071185,2.224101123,1.604588936,2.981356774,4.786447658,5.223405842,3.082411337,2.468828895,2.060736711,1.137338319,1.307083113,1.469299251,1.374742171,2.285696487
Uzbekistan,UZB,Real interest rate (%),-2.63,2.5,5.45,3.86,2.09,1.52,4.78,0.91,11.57,0.37,2.17,1.58,3.17,3.3,2.66,2.86,9.53,9.51,10.95,8.39,6.61,9.23,9.09,7.83,5.04,4.91,4.39,5.15,2.4,10.74,4.63,3.31,5.97,3.762617024,1.723513238,2.962029555
St. Vincent and the Grenadines,VCT,Real interest rate (%),-3.612779977,-8.053420668,2.164934727,4.091376928,6.893900727,9.105794555,6.337807925,2.324780589,10.55993285,5.411708322,6.575785908,2.919402996,6.392837625,16.04776873,9.091355747,9.627908358,7.396156921,9.798587291,7.844223827,9.555429297,11.70626936,4.617282341,10.43691803,15.45205124,5.459968278,6.446814661,6.523723143,1.10989685,9.50233025,10.14255524,4.537113152,9.495932677,8.233349434,7.081820265,9.47998156,6.698818204
"Venezuela, RB",VEN,Real interest rate (%),-2.63,2.5,5.45,3.86,-23.13700399,-0.989593141,9.778566348,-21.07967419,-8.439120212,-35.24239943,-4.380528909,12.93846565,10.20198316,21.46353118,-5.055957991,-7.917595505,-35.31445735,-7.661556204,23.09878633,4.701637098,-3.28587533,13.38442313,2.672189947,-7.218669896,-11.53910259,-9.872293159,-2.058999173,1.434858453,-5.964399617,11.18564461,-18.90855875,-8.583113847,2.034527031,-14.47032296,-16.53997606,8.86
British Virgin Islands,VGB,Real interest rate (%),-2.63,2.5,5.45,3.86,2.09,1.52,4.78,0.91,11.57,0.37,2.17,1.58,3.17,3.3,2.66,2.86,9.53,9.51,10.95,8.39,6.61,9.23,9.09,7.83,5.04,4.91,4.39,5.15,2.4,10.74,4.63,3.31,5.97,6.98,7.38,8.86
Virgin Islands (U.S.),VIR,Real interest rate (%),-2.63,2.5,5.45,3.86,2.09,1.52,4.78,0.91,11.57,0.37,2.17,1.58,3.17,3.3,2.66,2.86,9.53,9.51,10.95,8.39,6.61,9.23,9.09,7.83,5.04,4.91,4.39,5.15,2.4,10.74,4.63,3.31,5.97,6.98,7.38,8.86
Vietnam,VNM,Real interest rate (%),-2.63,2.5,5.45,3.86,2.09,1.52,4.78,0.91,11.57,0.37,2.17,1.58,3.17,12.57720782,2.66,2.86,10.49086664,7.335321062,5.110478713,6.587522338,6.905766654,6.624035466,4.166937119,2.213057918,1.188922339,-6.552887405,2.401517261,1.413637869,-5.616335289,3.627881414,0.946652654,-3.551709174,2.294892164,5.35841613,4.825874155,7.322258132
Vanuatu,VUT,Real interest rate (%),-2.63,0.274700748,8.390331532,14.30227511,4.16088736,19.88625754,19.55376827,-0.908790741,6.599154448,9.912137857,18.48034675,7.012154096,13.09886097,13.6556701,13.3805686,8.618789025,8.242924234,7.097488384,6.084873578,6.99759692,7.511522226,5.006127093,4.407229751,5.060834166,5.377617526,7.017682651,4.214083313,2.253679046,-1.745828976,2.871859007,3.971729501,2.637609369,6.544385316,1.939930113,3.243925535,-2.109879717
World,WLD,Real interest rate (%),-2.63,2.5,5.45,3.86,2.09,1.52,4.78,0.91,11.57,0.37,2.17,1.58,3.17,3.3,2.66,2.86,9.53,9.51,10.95,8.39,6.61,9.23,9.09,7.83,5.04,4.91,4.39,5.15,2.4,10.74,4.63,3.31,5.97,6.98,7.38,8.86
Samoa,WSM,Real interest rate (%),-2.63,2.5,5.45,3.86,2.09,1.52,4.78,0.91,11.57,0.37,2.17,1.58,3.17,3.3,2.66,2.86,9.53,9.51,10.95,8.39,6.61,8.926600689,8.797753494,8.443029034,3.939319527,10.4816842,2.249960498,12.80614272,3.737340267,9.415131651,5.537053924,9.472172789,5.997506595,9.19851433,10.18208176,5.105034604
Kosovo,XKX,Real interest rate (%),-2.63,2.5,5.45,3.86,2.09,1.52,4.78,0.91,11.57,0.37,2.17,1.58,3.17,3.3,2.66,2.86,9.53,9.51,10.95,8.39,6.61,9.23,9.09,7.83,5.04,4.91,4.39,5.15,2.4,17.72510275,7.494334661,7.028269584,8.829165936,11.42663808,8.871489113,7.665604728
"Yemen, Rep.",YEM,Real interest rate (%),-2.63,2.5,5.45,3.86,2.09,1.52,4.78,0.91,11.57,0.37,2.17,1.58,3.17,3.3,2.66,2.86,-3.889803669,8.151436813,28.86967407,-7.027619953,-3.245893657,14.46089947,8.344431367,6.42114879,3.85120363,-0.410914968,3.843901737,6.4069326,-1.975237376,29.2517104,0.175576626,5.830351278,17.57120604,11.7886433,7.38,8.86
South Africa,ZAF,Real interest rate (%),-12.31500349,3.510317779,4.692193997,0.123949049,9.738081866,4.010452223,-2.406256972,-1.728700511,0.159846221,2.225483033,4.7826578,4.02984784,3.786463647,-6.189280332,5.255469727,6.36739524,10.64480937,10.96989892,12.69103362,10.39506698,4.870582387,5.538341433,2.854185516,8.047848389,4.950384359,4.761489203,4.81030228,4.546045669,6.745151503,2.802508977,3.49095979,3.279301223,3.882872998,2.509245497,3.56702763,3.667742833
Zambia,ZMB,Real interest rate (%),-2.024746434,2.184968431,3.166989829,-4.745323586,-3.202506282,-15.96661013,-29.99826895,-25.1937132,-11.97134954,-34.54680202,-34.53904084,-25.77388955,-41.79024398,-12.45596934,-5.634470195,11.42491392,23.67048576,16.97662997,12.7393085,19.15879543,4.66476807,16.67746349,21.61562428,19.52534147,9.196933647,9.909085184,7.517820242,5.240870634,7.613795381,15.63363346,6.112942212,6.951848616,4.821684114,-0.19172,5.821127547,6.179215852
Zimbabwe,ZWE,Real interest rate (%),-2.63,2.5,5.45,3.86,2.09,1.52,4.78,0.91,11.57,0.37,2.17,1.58,3.17,3.3,2.66,2.86,9.53,9.51,10.95,8.39,6.61,9.23,9.09,7.83,5.04,4.91,4.39,5.15,2.4,10.74,4.63,3.31,7.275010406,0.337748081,9.744210143,7.886025058